,Name,Full Name,Sequence,length
0,3A2,AY487516-3A2,MTQHETTARRLAAVHAAPVFMDTDATIDKVIGFVEQAGREGIELLVFPETFVPGYPYWIECYPPLQQVAANAQYTDASVEVPGPEIKRVQAACARAGVEVVLGVSERLRGTRTCFNSQVFIDADGSLLGVHRKLQPTYVERIVWAQGGGATLSVFGSRSGRIGGLACWEHTMNLARQALLEQEQQIHAAAWPALSTMAGFETVADAQIEAMMKTHALTAQVFVICASNPVDGTCLEWMRDNLGEQKFVTAGGGWSAVIHPFNSFLGGPHTGLEEKLVSATIDFSDIRLVKAWVDSKGHYARPEVLRLAVDRKPLWHDECEVPGQAQVRTRAASLAVQEHPVVLPQGAARPAPQDWDTSAAQELTS,365
1,2A6,AY487562-2A6,MKEAIKVACVQAAPIYMDLEATVDKTIELMEEAARNNARLIAFPETWIPGYPWFLWLDSPAWAMQFVRQYHENSLELDGPQAKRISDAAKRLGIMVTLGMSERVGGTLYISQWFIGDNGDTIGARRKLKPTFVERTLFGEGDGSSLAVFETSVGRLGGLCCWEHLQPLTKYALYAQNEEIHCAAWPSFSLYPNAAKALGPDVNVAASRIYAVEGQCFVLASCALVSQSMIDMLCTDDEKHALLLAGGGHSRIIGPDGGDLVAPLAENEEGILYANLDPGVRILAKMAADPAGHYSRPDITRLLIDRSPKLPVVEIEGDLRPYALGKASETGAQLEEI,337
2,1B15,AY487529-1B15 ,MPKTVRAAAVQIAPDLTSRAGTVERVLNAIAEASDKGAELIVFPETFVPWYPYFSFVLPPVQQGPEHLRLYEEAVTVPSAETRAVADAARKRNAVIVLGVNERDHGSLYNTQLIFDADGSLKLKRRKITPTYHERMIWGQGDGAGLKVVETAIGRMGALACWEHYNPLARYALMAQHEEIHASHFPGSLVGPIFGEQIEVTMRHHALESGCFVVNATGWLSEEQIASIHPDPSLQKGLRDGCMTCIITPEGRHVVPPLTSGEGILIGDLDMRLITKRKRMMDSVGHYARPELLHLVHDTTPARAREQVGLSGDFSDAGQDKLFEEVQDA,329
3,1B16,AY48747-1B16,MNNSPPTIRAAAIQLSPVLFSRDGTTEKVLQAIASAAKEGAQLVVFPETFIPYYPYFSFIQPPVLMGKEHMRLYEEAVTVPGPVTDAVSRAARSYGMVVVLGVNERDGGSIYNTQLIFDADGTLLLKRRKITPTYHERMVWGQGDGAGLKVLDTAVGKVGALACWEHYNPLARFALMAQHEQIHCAQFPGSLVGQIFTDQIEVTIRHHALESGCFVVNATGWLSPEQVAQITTDEKLQRVLSGGCNTAIIGPEGNHLCPPITDGEGIAIADLDFSLITKRKRMMDCVGHYSRPDLLKLQLNATAWSVLAGEQGAGAREQGLGVPDAMLSTPKPEYSTLDQ,340
4,3WUY,PDB 3WUY,GSHMLGKIMLNYTKNIRAAAAQISPVLFSQQGTMEKVLDAIANAAKKGVELIVFPETFVPYYPYFSFVEPPVLMGKSHLKLYQEAVTVPGKVTQAIAQAAKTHGMVVVLGVNEREEGSLYNTQLIFDADGALVLKRRKITPTYHERMVWGQGDGAGLRTVDTTVGRLGALACWEHYNPLARYALMAQHEQIHCGQFPGSMVGQIFADQMEVTMRHHALESGCFVINATGWLTAEQKLQITTDEKMHQALSGGCYTAIISPEGKHLCEPIAEGEGLAIADLDFSLIAKRKRMMDSVGHYARPDLLQLTLNNQPWSALEANPVTPNAIPAVSDPELTETIEALPNNPIFSH,349
5,1A27,AY487500-1A27 ,MAIIRAAAVQISPVLYSREGTVDKVCQQIITLGKQGVQFAVFPETVVPYYPYFSFVQPAFAMGAQHLKLLDQSVTVPSAATLAIGEACKQAGMVVSIGVNERDGGTIYNAQLLFDADGTLIQHRRKITPTYHERMVWGQGDGSGLRAIDSAVGRIGSLACWEHYNPLARYALMADGEQIHAAMFPGSLVGDIFAEQIEVTIRHHALESGCFVVNATAWLDADQQGQIMQDTGCGLGPISGGCFTAIVSPEGKLLGEPLRSGEGVVIADLDTALIDKRKRMMDSVGHYSRPELLSLLIDRSPTAHVHERAGFVSSNAGLQEVAHADQ,326
6,1A17,AY487441-1A17 ,MKNIKNSEKSSTVRVAAVQISPVLYNREATVQKVVNKILELGKQGVQFATFPETIVPYYPYFSFIQAPYAMGKEHLRLLEQSVTVPSAATDAISEAAKEANMVVSIGVNERDGGTIYNTQLLFDADGTLIQRRRKLTPTYHERMIWGQGDASGLRATDSAVGRIGQLACWEHYNPLFRYALIADGEQIHSAMYPGSFLGALHGEQTEINVRQHALESASFVVVATGWLDADQQAQIAKDTGGPIGPISGGCFTAVIGPDGQLIGEALTSGEGEVIADIDLAQIDARKRLMDASGHYNRPELLSLHIDHTPTAPMHERVVYTEPGLAKRQNENSSN,335
7,1A8,AY487554-1A8 ,MKVVKAAAVQISPVLYSREATVAKVVQKIHELGQKGVQFATFPETVVPYYPYFSAVQTGIELLSGTEHLRLLDQAVTVPSAATDAIGEAARKAGMVVSIGVNERDGGTLYNTQLLFDADGTLIQRRRKITPTHFERMIWGQGDGSGLRAVDSKVGRIGQLACFEHNNPLARYALIADGEQIHSAMYPGSAFGEGFAQRMEINIRQHALESGAFVVNATAWLDADQQAQIMKDTGCGIGPISGGCFTTIVSPDGMLMAEPLRSGEGEVIVDLDFTLIDRRKMLMDSAGHYNRPELLSLMIDRTPTAHVHERAARPVSGVEQNPEELRIPAA,330
8,1A2,AY487525-1A2 ,MKVVKAAAVQLSPVLYSREGTVERVVRKIHELGRQGVQFATFPETVVPYYPYFSFVQTPLQIIAGPEHLKLLDQAVTVPSPATDAISEAARQAGVVVSIGVNERDGGTLYNTQLLFDADGALIQRRRKITPTHFERMIWGQGDGSGLRAVDSKVGRIGQLACWEHNNPLARYAMIADGEQIHSAMYPGSMFGDPFAQKTEINIRQHALESACFVVCATAWLDADQQAQICKDTGCDIGPISGGCFTAIVAPDGTLLGEPIRSGEGMVIVDLDFTLIDKRKQVMDSRGHYNRPELLSLLIDRTPTAHVHDRAVRPESAAEQRSEELLATAV,330
9,1A1,AY48753-1A1 ,MSTIVKAAAVQISPVLYSREGTVERVVKKIRELGEKGVQFATFPETVIPYYPYFSFVQTPLQILAGPEHLKLLDQSVTVPSPATDAIGQAARQAGMVVSIGVNERDGGTLYNTQLLFDADGALIQRRRKIKPTHYERMIWGEGDGSGLRAVDSQVGRIGQLACWEHNNPLARYAMMADGEQIHSAMYPGSMFGDPFAQKTEINIRQHALESGCFVVCSTAWLDADQQAQIMQDTGCAIGPISGGCLTAIVAPDGTFLGEPLTSGEGEVIADLDFKLIDKRKQTMDSRGHYNRPELLSLLIDRTPTSNVHERAAHPKVEASQTAGDTERTREVL,333
10,PMI26,PMI26_00172,MAIIRAAAVQISPVLYSREGTVEKVCQQIIALGRQGVQFAVFPETVVPYYPYFSFVQPPFAMGAQHLKLLDQSVTVPSAATLAIGEACKQVGIVVSIGVNERDGGTIYNAQLLFDADGSLIQHRRKITPTYHERMVWGQGDGSGLRAIDSAVGRIGSLACWEHYNPLARYALMADGEQIHAAMFPGSLVGDIFAEQIEVTIRHHALESGCFVVNATAWLDADQQGQIMQDTGCGLGPISGGCFTAIVSPEGKLLGEPLRSGEGVVIADLDLALIDKRKRMMDSVGHYSRPELLSLLIDRTPTAHVHERGGHFASVADEESDHANQ,325
11,PMI28,PMI28_02655,MKIVKAAAVQISPVLYNREATVEKVVQKILELGQQGVQFATFPETVVPYYPYFSAVQTPMQLLAGTEYLKLLEQAVTVPSPATDAIGEAARKAGMVVSIGVNERDGGTLYNTQLLFDADGTLIQRRRKITPTHFERMIWGQGDGSGLCAVDSKIGRIGQLACFEHNNPLARYALIADGEQIHSAMYPGSAFGEGFAQRMEINIRQHALESGCFVVNATAWLDADQQAQIMKDTGCEIGPISGGCFTAIVAPDGMLLGEPLRSGEGEVIADLDFTLIDRRKMLMDSAGHYNRPELLSLLIDRTPTAHIHERTGQAATSAEQGADEPRATTVL,331
