,Name,Sequence,project_id,json,pdb
0,EH1(72),MLLPETRNLLDLMDAATRGGRPRLETLPHAVGRKAVDKMSEDGEADPPEVAEVANGGFAGPASEIRFRRYRPLGEAAGLLPTLIYYHGGGFVIGNIETHDSTCRRLANKSRCQVISIDYRLAPEHPFPAPIDDGIAAFRHIRDNAESFGADAARLAVGGDSAGGAMAAVVCQACRDAGETGPAFQMLIYPATDSSRESASRVAFAEGYFLSKALMDWFWEAYVPEDTDLTDLRLSPLLATDFTGLPPAFVLTAGYDPLRDEGRAYADRLIEAGIKTTYVNYPGTIHGFFSLTRFLSQGLKANDEAAAVMGAHFGT,uc2QvA,.\datasets\esterase\pdb\0.json,.\datasets\esterase\pdb\0.pdb
1,EH2(71),MGLQKLIVRTLMKLPESWILKLAGGTPVEIDGRTMDPRIQLLAAQGAKAPSMTSMSIEDARKSADEGLALLDAKPRRTVSILSRTIPGPAGDLHVRIYTPAGATGPLPGIVYYHMGGCVIGNLETCNTFCSILADDCRAIVVSVDYRLAPEHKFPAAMDDAVASFDWVSENAAALGIDPTRLGVGGDSAGGWLSAVVCQTRKAEGKTQPKAQLLIYPATDLDAKEGSMQSCAEIYPLTAEIMDWFMQQFLNSPEDAKDLKASPAHSEDLSGLAPALIMTAGFDVLRDQGEAYGNRLRDAGVPVTYRCYDSLSHAYTAFSGAVPAARQACEEIARDMARALG,a9lhiQ,.\datasets\esterase\pdb\1.json,.\datasets\esterase\pdb\1.pdb
2,EH3(69),MPDTTSLNIADDVRMDPRLKAMLAAFPMMEQQTFQTREEQVANANTPEATAAREQLKMMMDMMDSEEFAPSDNLDISTREFTSSPDGNAIKIQFIRPKGKQKVPCVYYIHGGGMMIMSAFYGNYRAWGKMIANNGVAVAMVDFRNCLSPSSAPEVAPFPAGLNDCVSGLKWVSENADELSIDKNKIIIAGESGGGNLTLATGLKLKQDGNIDLVKGLYALCPYIAGKWPQDRFPSSSENNGIMIELHNNQGALAYGIEQLEAENPLAWPSFASAEDMQGLPPTVINVNECDPLRDEGIDFYRRLMAAGVPARCRQVMGTCHAGDMFVAVIPDVSADTAADIARTAKGG,kaAh4A,.\datasets\esterase\pdb\2.json,.\datasets\esterase\pdb\2.pdb
3,CalB(68),MALPSGSDPAFSQPKSVLDAGLTCQGASPSSVSKPILLVPGTGTTGPQSFDSNWIPLSTQLGYTPCWISPPPFMLNDTQVNTEYMVNAITALYAGSGNNKLPVLTWSQGGLVAQWGLTFFPSIRSKVDRLMAFAPDYKGTVLAGPLDALAVSAPSVWQQTTGSALTTALRNAGGLTQIVPTTNLYSATDEIVQPQVSNSPLDSSYLFNGKNVQAQAVCGPLFVIDHAGSLTSQFSYVVGRSALRSTTGQARSADYGITDCNPLPANDLTPEQKVAAAALLAPAAAAIVAGPKQNCEPDLMPYARPFAVGKRTCSGIVTPLE,uP9ejw,.\datasets\esterase\pdb\3.json,.\datasets\esterase\pdb\3.pdb
4,EH4(67),MSLQRMIVRTLLKLPDGLLVKMSGGKPLEIDGRTLDARVQLLASQGAKAPSMTTLPIEEARKGADDGLAMLDAKPRRNVSILSRSIPGPEGELHVRVYTPAGATGPLPGIVYYHMGGCVIGGLETCNTFCSILAEDCRAIVVSVDYRLAPEHKFPAAIDDAIASYDWVYQNATALGIDNTRLGLGGDSAGGWLSAVVCQHRKREGLPQPKAQLLIYPATDLQMTGGSMESCKDVYPLTREIMDWFMAQFLTSDADRSDWRGSPGQTADLSGLAPAIVATAGFDVLRDQGEAYANKLKAAGVPASYHCYDSLAHAFTAFSGTVPAAKQACEELAREMAKALNA,qjgcSA,.\datasets\esterase\pdb\4.json,.\datasets\esterase\pdb\4.pdb
5,EH5(67),MALNSQAEELLKRAAESGTPGLGEGTPEEGRAIFATTTQLLGLPAPDVKDTKEIQISGPNGPIRTLVITPDGVETNNLPLFIYYHGGGWVIGSPETHYEECCYYANEAQCIVLVPDYRLAPEYPFPAAPEDCYAVLQWAADNAESLGADKSRIAVGGDSAGGNLSAVVAQMTQQRNGPELALQLLIYPATRMGADTQSYKDFEDGYFLTAKAMNWFFGHYLKKAEDWDNLLASPLLNDDLAGLAPAYVVTAGFDPLRDEGRAYADKLKAAGVPVEYVCYEGQIHGFASMAGALDEARSFLDEAAKVLRKAFNK,3TiAOg,.\datasets\esterase\pdb\5.json,.\datasets\esterase\pdb\5.pdb
6,EH6(66),MPLHPQIEGLLQQMAAAGGKGFHQMEVDECRQTFGGLLNSLPPSQQKIASAQDRGIPSPNGPVKVRVYTPEGSGPFPVMAYFHGGGWVIGDLETHDSLCRELCGAVGMVVVSVDYRLAPEHKFPAAPDDCVAVTRWIAANAAALNADASRIAVGGDSAGGNLAAVVAQRLRDEDALKLAAQLLIYPVVHLDGVATPSMIENAEGYLLTRKDMEWFGGHYLASPADGQNASASPILAKSLAGLPPALVLTCEFDPLRDEGEKYGKALQAAGVPTTISRHDGTIHATFSFFTALEPGRRMADEAIRWLKEQLVK,ZbVOHQ,.\datasets\esterase\pdb\6.json,.\datasets\esterase\pdb\6.pdb
7,EH7(64),MEFPMAQSNIIAGMDLNRLDRIAEHLDRAYLHPGKLAGTMTLVARRGEVVYCQAQGLRDVERQLPVERDTLFRIYSMTKPITSIALMQLYEQGRFLLDEPVHKYIPTWKNLRVYKTGSHPQMLTTAPQRPMTIRDLLTHQSGLTYGFMNRTNVDAAYRSLKLDGGPGHTLDRLIDELARLPLEFSPGTAWNYSVATDVCGYLVQLLSGMSLDDYFSKHIFQPLGMPDTFFTVPAEKLSRFAACYEYQPGDSFSLQDDPQGSAFAKAHGYLSGGGGLVSCVDDYYRFAQALANGGELDGARIIGRKTLEFMRMNHLPDNKGLPDVAIGSFSETPYDGTGFGLGFSVKLDVAKSQTVGSVGEYGWGGMASTNFFIDPEEDLLMVFMTQLIPSSTYAVRQELRAIINGALVD,HQssaw,.\datasets\esterase\pdb\7.json,.\datasets\esterase\pdb\7.pdb
8,EH8(63),MNPAVIERATVRALMSLPGPVLERLAAGLETHSRPHLDSRLRFLLALSGAKPTLDSGTVEQARQIYRSTLALLDMAPVSLPVVVDHQVSMEDGSQILVRRYRPADAPLVSPAIMFFHGGGFTIGGVEEYDRLCRYIAKRTNAVVLSVDYRLAPEHPAPAGMDDALEAWRWLLNNTAQLGLDPNRLAVMGDSAGGCMSAVVSQQAKLAGLALPALQVLIYPTTDAALAHPSVQTLGQGFGLDIPLLTWFRGHFVQDPAVIEDYRVSPLRNPDLTGLPEAIVITATDPLRDEGLEYAQKLREAGNTVTSLDYPELIHGFISMGGVVPAARKAINDICVETKRRL,uSrMQg,.\datasets\esterase\pdb\8.json,.\datasets\esterase\pdb\8.pdb
9,EH9(61),MEKKMALDKQAAEILKRAEESDTPGLGEGSPAEGREVFAGTTALLGLPTPEGQRISEVQIPGPSGDIRTRIIHPLEGLADNLPILIYYHGGGWVIGSPETHEGETCFYANEANCVVLVPDYRLAPEDPFPAAPDDCYAVLEWANANAETFGGDASRIAVAGDSAGGNLSAVVSQMAHANNGPDIALQLLIYPATRMGATTESYREFNDGYFLTGKAMDWFFNHYLKRPEDWDALKASPLLAPDLSGLPPAYIMTAGFDPLRDEGKAYAERLQQAGVPVDYVCYEEQIHGFVSMAGALDQGKQFLREAAAVLRRAFTS,xvuHzg,.\datasets\esterase\pdb\9.json,.\datasets\esterase\pdb\9.pdb
10,EH10(58),MGRAADQRARRLPPRTRSKLLPENLMQIDAHAKALLEGLAAQGMKGFEEMTVAEARETAYAFVGLQGDAEAVANVSDESVPVAGGEIPVRIYRPEGAGPHPVVVYFHGGGFVFGDLEVVDKVCRSLSNASGAAVVSVGYRMAPEFRFPVAPEDCYAATCWTVQNAAHLGVDPDRLAVCGDSAGGNLATVVAMMARDRSGPKIVYQLLIYPVTDAVTDSSGKFPSRVENKEGYLLTSAAMQWFFSHYFSNLSDAENVFASPLRGKLAGLPPATVITAGFDPLRDEGDAYAKALRQAGVAVEHLPNPSMIHGFMWLMGAIGHTRSVFDQAGSHLRRAFGIGLR,H2HVkw,.\datasets\esterase\pdb\10.json,.\datasets\esterase\pdb\10.pdb
11,EH11(53),MNKLDESAAMVLELVRLSNAPTTDTLTPTEARLAFLRACAVFNPPSPTLTEVRDLIAPGPGGPIKLRLYRDKAATTPQAGLVYFHGGGWVIGDLDSHDVACRQMAQLSGAVVIAVDYRMAPEHKFPSAVDDAIAATQWICAEAASLGIDPARVAVGGDSAGANLAIVVSIAARDQAGPKLAGQALVYPSTDMTAQTVSHAEFGEGYMLTNALMQYFRGHYLRNDADREDWRASPNKIGDVAGLPRALVITGGFDPLRDEGEAFAMRMVAAGVPVMIRRFAGQIHGFLNMGRLVPQADAAIAEIATFIRTL,w5BBCA,.\datasets\esterase\pdb\11.json,.\datasets\esterase\pdb\11.pdb
12,EH12(51),MALNSQAEELLKRAAESGTPGLGEGTPEEGRDIFATTTQLLGLSAPQVKDTQEIQISGPNGPIRTLVITPDGVETNNLPLFIYYHGGGWVIGSPETHYEECCHYANEAQCIVLVPDYRLAPEHPFPAAPEDCYAVLQWAADNAEKLGADKSRIAVGGDSAGGNLSAVVAQMTKQRSGPELALQLLIYPATRMGSATQSYKDFEDGYFLTAKAMNWFFGHYLKKTEDWDNLLASPLLNDDLAGLAPAYVMTAGFDPLRDEGRAYADKLKAAGVPVEYVCYEGQIHGFASMAGALDEARSFLDEAVQVLRKAFNK,FY8NJA,.\datasets\esterase\pdb\12.json,.\datasets\esterase\pdb\12.pdb
13,EH13(49),MSNDVSSALAAPLSGRLHPQVAAYLAQMAAMNPPPIEALTAEQVRVGFGMQMKMTAGPATPLPVVRELTLPGPGGAIKARLYRPAAEGVLPGLVFFHGGGWVIGDLDSHDDLCRDLAAQAHCAVLSVDYRLAPEHRFPAAAEDAIAAADWAAANATQLGIDPARLAVGGDSAGGNLAAVAALAARDAGRPLAAQLLIYPVTDMSRFDGESYAACGEGYGLTAGAMAWFRDHYLVNADADAAGDWRVSPLLASDLGRLPPTLVVTAEFDVLRSEGEAYAKRLAAAGVPTSLARYDGMIHGFASMAGVLDVGRQVRSDMAQWLRATLGG,5IvKrA,.\datasets\esterase\pdb\13.json,.\datasets\esterase\pdb\13.pdb
14,EH14(48),MMSEGNWQGRATWLQKIVRWFWRRASLAPLTDSGMTAAQDKIVRLTALSPPLSQQTPARARRSYRLLDEAFTIDRLALAKVSSHSFDGRNGAVGVRTYHSQQAAQSQNNAGLVYFHGGGCVIGDLDTHDRFCRVIAHQTDMVVISVDYHLAPEHCFPAAIEDAIEGWNWSLDNAVSLNIDVNRLGVGGDSAGGYLSVSVCHQALAPTLSVVPKALPNFQWLIYPWVDCRMTSESSRRCVSDMLLTRDTMTYFAGLFFGAEDDPLDPTVSPVLATSFAGLPPTYVATAGFDPLEDEGKLYAQQLREAGCRVSEDFFAHVMHGFIGMGGVCPLSRRHIETLLNQLVALAGDEMDHSKAQW,ACE0Uw,.\datasets\esterase\pdb\14.json,.\datasets\esterase\pdb\14.pdb
15,EH15(42),MLSNEANMFRDLLLQMKHSDHPPQSVEEIRVMTDSVSDFSPVPDGVVITEAEIQGVVVEYIDPLNRSGKNVILYFHGGAYSAGSLKSHRSLGARLALASESKVVMADYRLAPENPFPAALEDSLKVYLGLLSNGVDPQNIVIGGDSAGGGLSLATEVAIRDGGHSLPGKSFLFSPWTDLTASGDSLRLRNDIDPMLDAKGMKPAIQIYLNGADASDHRASPLLGDLSGLPPHLVFVGTDEILFDDSFRLIEKFHDCNVEATLEVGEGLWHVWPSFPMPEADLALERVGEFILG,KTcBww,.\datasets\esterase\pdb\15.json,.\datasets\esterase\pdb\15.pdb
16,EH16(42),MALNSQAEELLKRAAESGTPGLGEGTPQEGRAIFAGTTQLLGLPAPQVKDTQEIQISGPNGPIRTLVITPEGVETNNLPLFIYYHGGGWVIGSPETHYEECCHYANEAQCIVLVPDYRLAPEHPFPAAPEDCYAVLQWAADNAEKMGGDKSRIAVGGDSAGGNLSAVVAQMTKQRSGPELALQLLIYPATRMGAETQSYKDFDDGYFLTAKAMNWFFDHYLKKAEDWDNPMASPLLSDDLTGLAPAYVMTAGFDPLRDEGHAYADKLKAAGVPVEYVCYEGQIHGFASMAGALDEARSFLDEAVSVLRKAFNK,kd8Sng,.\datasets\esterase\pdb\16.json,.\datasets\esterase\pdb\16.pdb
17,EH17(39),MANLEIGKSILAAGVLTNYHDVGEGQPVILIHGSGPGVSAYANWRLTIPALSKFYRVIAPDMVGFGFTDRPENYNYSKDNWVNHVIGVMDALEIEKAHIVGNSFGGGLAIATALRYPERVDRIVLMGAAGTRFDMTEGLNAVWGYTPSIENMRNLLDIFAYDRSLVTDELARLRYEASIQPGFQESFSSMFPEPRQRWIDALASSDEDIKTLPNETLIVHGREDQVVPLSSSLRLGELIDRAQLHVFGRCGHWTQIEQTDRFNRLVVEFFNEANAPKLVGRP,8JVZYg,.\datasets\esterase\pdb\17.json,.\datasets\esterase\pdb\17.pdb
18,EH18(38),MSKLEQDPRVDPRIKKLMAAIPPKPQEDVASREDYVARANRPEALATIESTVAMFEMVDNDQVATSEGLDISEREFVSEPDGNRIKVQFIRPESSEALPCVYYIHGGGMQSMSCFYGIYRAWGKLIANQGVAVAMVDFRNCVHPSSAPEVAPYPAGLNDCVSGVKWLAANAAELGIDPEHIIIAGESGGGNLTLATGMRLLREGEMDLVRGLYALCPYIAGAWPQEQYPSSYENNGLLLDLHNNIGAMAYGIEEFDARNPLAWPAFAGEEDVRGLPPTVISVNECDPLRDEGIEFYRLLMRAGVSARCVQLMGTIHGSDVFVIACPDISKETAASIARFCHQA,QDA7Xw,.\datasets\esterase\pdb\18.json,.\datasets\esterase\pdb\18.pdb
19,EH19(37),MTTLTEQNTSKNIHIKNLDMNLHYNEAGNGDETVIMLHGGGPGAAGWSNFSRNIDAFAEKYRTILLDCPGFNKSDAVITDLARDVLNARAIKGLMDELGIEKAHLIGNSMGGASALSFSLEFPERLDKMVLMGAGGGGQSMFSPMPLEGIKLLVALYQNPSLEALKRMIEVFVYDPSLMSDELIEGRFENMMRKPEHLENFMKSFASSNIIVSDFTPNLGKIAAETFIIWGRDDRFCPLDHGLKFLWGIPNADLHILSKCGHWAQWEHAEKFNSLTLDFLAR,uNBetQ,.\datasets\esterase\pdb\19.json,.\datasets\esterase\pdb\19.pdb
20,EH20(37),MEPIVNTTSGMIRGSELSGVASFKGIPYAAPPFGKDRMYPPRPHLSWEGVRDCIDYGPTVPKGPYESPFDKILPEPAIAGDECLNLNIWTPGTGAKDLPVLVWIHGGSFLNGSGAVSTYDGTNFARDGVVCVTINYRLGADGFLFLDDGISNLGILDQLAALRWVQDNIAFFGGDPHKVTIAGESAGAMSVGTLLSLDAAKGLFRGAIMQSGAAHHYLSATTARKVAGYLADALGIEPMRDQFRAVDVDRLVKATSDLASQPQAKPDLAKWGEITLNLMIFEPTVDAAVIKAPPIESIRAGSGDDVAVLIGTNRQEFNFFSVPTGFYEAINSAVVAFGAMAFGLDADKLAVYQKLLADEPQGEVFSQMAGDWFFRIPAIRLAEARQGAKTNTYLYEFRWQSQMFDGRLGACHALELPFVFDTLGVLSEGIDLAFVKGPRELAEEMHSSWVAFIKNLDPGWDSYSTDDRRVRIFGGGSRIEKDPRGETREIWKGLR,F4y4tQ,.\datasets\esterase\pdb\20.json,.\datasets\esterase\pdb\20.pdb
21,EH21(36),MNIRLRLLLWYVNTLKPKSDITGMPAPKLREINRKELQKIGSIIDEPPCPMEQVEDITFPARDGASIICRHYTPKQGQAQQAILFFHGGGFVTRDLDSHDKACRRLAQVNGMQVFSIAYRLAPEHKFPVPVQDCHDAFNWLIIKAASFGVDANRIIVAGDSAGANLATVVNILARDAGGVQPWRQVLIYPTTDARLQHPSVETLCRDYFLTKKLMEWFVDHYKRTDEDIIDPLMSPLLHDDLSGLAPAYLCTADLDPLRDEGMAYAKRLEEAGVPTVFYNYENVIHGFLNMRRIMPRQNEQMHQDICEFLQEGS,WPas9Q,.\datasets\esterase\pdb\21.json,.\datasets\esterase\pdb\21.pdb
22,CalA(36),MRVSLRSITSLLAAATAAVLAAPAAETLDRRAALPNPYDDPFYTTPSNIGTFAKGQVIQSRKVPTDIGNANNAASFQLQYRTTNTQNEAVADVATVWIPAKPASPPKIFSYQVYEDATALDCAPSYSYLTGLDQPNKVTAVLDTPIIIGWALQQGYYVVSSDHEGFKAAFIAGYEEGMAILDGIRALKNYQNLPSDSKVALEGYSGGAHATVWATSLAESYAPELNIVGASHGGTPVSAKDTFTFLNGGPFAGFALAGVSGLSLAHPDMESFIEARLNAKGQRTLKQIRGRGFCLPQVVLTYPFLNVFSLVNDTNLLNEAPIASILKQETVVQAEASYTVSVPKFPRFIWHAIPDEIVPYQPAATYVKEQCAKGANINFSPYPIAEHLTAEIFGLVPSLWFIKQAFDGTTPKVICGTPIPAIAGITTPSADQVLGSDLANQLRSLDGKQSAFGKPFGPITPP,T0qPfQ,.\datasets\esterase\pdb\22.json,.\datasets\esterase\pdb\22.pdb
23,EH22(35),MAMDPGARRVLELLRDFGRPPIEESTPQEARENMARSRAVFSPTPPEVGEIRALTAPGPAGEIPLRLYRGREAPGSEAPALMYFHGGGWVLGDLDSHDAVCRRLANDAACVVVSVDYRLAPEHRFPAAVDDCAAATRWVAAQAVALGIDPSCIAVGGDSAGGNLAAVIALMARDSIVPTICFQLLIYPATDMAGRYPSAERTMSGLLLTTPGMRWFIDLYLNRAEEALDWRASPLRASHLSGVAPAIVFTAYHDPLCDEGEAYAERLEREGVHVNRVRFGDQIHGFLTMGKFIPAALTMQDIASAALRQAWGP,663SBA,.\datasets\esterase\pdb\23.json,.\datasets\esterase\pdb\23.pdb
24,EH23(34),MHRYGLLVFCSLVILMVQGVNKAVAGEQAKEVPIPQSISAEFKAALAQYPTPSVEEARSFVPTTAAQWRDYVQATNKMQKTKIKNMRKHYGVTVELLDIKGVTVRKITPKSLSPEFKDHVYIDIHGGAYVLFAGLPSIEEGILIAHRLGIVVYSVDYRMPPAYPFPAALDDVKHVYRVLSQQYDANHIFMGGTSAGGGLLLAFVQGLIENGVATPRAIYAGTPWADLTKTGDSLYTNEGIDRILITYDGTLGASARLYAGNTPLTHPKLSPIYGDFTDFPPTFLVTGTRDMFLSDTVRVNRKMRDAGVTTVLDVYEGLSHADYLVSHQTPESQSVYRQLKRFLVGFTN,KPrnog,.\datasets\esterase\pdb\24.json,.\datasets\esterase\pdb\24.pdb
25,EH24(34),MSQKFEAEIAGNKVTGVCDPKFSAVADAFLENLKSRDEVGANVALTIEGETVVDLWGGKVARDGADWKEDTVSIVFSCTKGATALAAHMAVERGLLDLNEKVSTYWPEYGCNGKEDTTVAMMLDHSAGVPHVREKVKEGGYNDYDYMVGLVEKETAFWQPGTRNGYHGVTFAWTVGELVHRATGKRLGQFFADEIAGPLGLDFWIGAPEAVEPRIAPMIPTLPDANAPVSKFTQAVMSDPQSPAHLFLMNGGGFNFNSREAHAAEIGSANGITNGRGLAGMYAPLANGGALNGVRLVGEDVLARMGRISMGTHEDATLLIPSRFALGFMKSMDNRALKDTPDSSCILSEAAFGHVGMGGSIGFADPGCAMSFGYNMNRMGVGILLNDRGQSLIDGAYRSLGYRSNASGCWVR,M3LE8Q,.\datasets\esterase\pdb\25.json,.\datasets\esterase\pdb\25.pdb
26,EH25(33),MSIVYSLLLIILFLWVFGLWLRKGEDLTVFDHPVDPAAGESFSRPGGPSEEHGQAVEELRKMGGQVTGMSRKQMLQFTRNFMEEMPRGKSFNCEFVPVDVNGVPGEWVLAPGVDPDRRVLYIHGGAFIAGSPNSHRTITSRFSEVANAAVLVIDYRLMPENQRREGIEDCKKSYRWILENGPAGKGAPTRLFMGGDSAGGNLSLVLSAWSRDEKLRLPDAVIALSPLADSSYSGPSIRSNVLTDVMLGPLFGALLKIPKAILGWIFLLENRIRPSNPLVSPVFGDLSRLPPTLLQVSEAEMLLDDARRYVNKARSAGSPVYFQSWAGLLHVWQIFYPEVPEAREAWDQISGFLERVETGAV,vFtXcQ,.\datasets\esterase\pdb\26.json,.\datasets\esterase\pdb\26.pdb
27,EH26(32),MKKQLLVLLIPFLLLAGCATGPSALRHDVAVSYDAERIAYDVAGEGETALIFVHGWSCDGRYWQEQVPVFAKDYRVITVDLAGHGHSSLERSDYSMLSFAQDVKAVMDRENIGRAVLIGHSMGGGVIAEAARLMPKRVVGIVGVDTLQNVGELTPESVIEEMVTPFESDFRTATQGFVSQMFPAGTDQQLMDWVKEDMSSAPKVPALSAFRNYLGQYVSGDAAAVFKDVSVPVVSINARLWPTAFEENQKHIKDYQLLYIEESGHFPMLERPDAFNALLQQAIEAIETRNGI,dAQRhA,.\datasets\esterase\pdb\27.json,.\datasets\esterase\pdb\27.pdb
28,EH27(32),MFEHDLTDPHDVGLNAERLAAIPQYFKENYLDTGKLPCVATLVSRGGEVALEDYSGTTHLGEGEPIGPHTIFRIYSMTKPVTSLAAMMLFEEGRLRLDHELARYIPEFENVQVFDSGNREDYTTRAPDRPITLLDLFTHTSGITYGFLMQDEPDAIYRKHKISTTPETLLEMSQRIAKLPLAFSPGTRWGYGHSIDVLGAVVELVAGQPLDEFFRERIFAPLGMEDTDFWVPENKIDRLMACYNKHPLTGEITMSDAAGKDSKLYSKRPKLLNAGGGLASTVRDYHRFCLMLMRGGTLDGARIISPKTWEFMRQNHLPGGKTIKEMGDKTFSEARMEGNGFGLGGSVLTDTVASMQPSSLGNFSWGGLASTFFWIDPEEEMIAIQATQMIPSGTYPIRPQLQQLVYAAVDW,v0z8mg,.\datasets\esterase\pdb\28.json,.\datasets\esterase\pdb\28.pdb
29,EH28(31),MKMRIYWIAAVLLLSINSAHAELIVKKQAFTMADYVTVGGETIPEVTVGWEAYGELNEAKDNVILITHFFSGNSHAAGKYAETDPLPGYWDSIIGPGKAIDTNQYYVVSSDTLVNAFPGDPNVITTGPKSINPATGKPYGIDFPVVTIRDFVNVQKALLDSLGIETLHAVVGASMGSLQAIEWAAAYPDSVERMVSVIGTGAMDAWTIMALEHWARPIKADPNWNQGDYYSGEAPLTGVTSTLAMITQQAMHPTIMNMQAPKQDVLPAAGLDSVMTDLPAVSYLFGAAAGRAPLADANHLLYLVRANQLFVAGHDESLAKGLSNIKAKTLFLPATNDLLLQPYLAKQTVAILEEQGKEPQYEEIQGIWGHLDGIFSIPTKAETLKAFIESE,n7UJ6g,.\datasets\esterase\pdb\29.json,.\datasets\esterase\pdb\29.pdb
30,EH29(31),MAMDPGARRVLELLRDFGRPPIEESTPQEARENMARSRAVFSPTPPEVGEIRALTAPGPAGEIPLRLYRGREAPGSEAPALMYFHGGGWVLGDLDSHDAVCRRLANDAACVVVSVDYRLAPEHRFPAAVDDCAAATRWVAAQAVALGIDPSRIAVGGDSAGGNLAAVIALMARDSIVPAICFQLLIYPATDMAGRYPSAERTMSGLLLTTPGMRWFIDLYLNRAEEALDWRASPLRASHLSGVAPAIVFTAYHDPLCDEGEAYAERLEREGVHVNRVRFGDQIHGFLTMGKFIPAALTMQDIASAALRQAWGP,4fQiAw,.\datasets\esterase\pdb\30.json,.\datasets\esterase\pdb\30.pdb
31,EH30(30),MGVKPEPVLVVPARGRATASLIFLHGLGADAHDFETLGDALDLKGCRYLFPNAPIRPVTLNGGYPMRAWFDIDSISRAALSEPSGLRNSFATVEWLLHHETQAGIAMNRILVGGFSQGGAVALAWAGQYRAPLLGIAGLSTFLPVGVEPDAHAHAIFLAHGRNDPVVPLALAEKTRDDLLSAGHQVTWRIYPMQHEVVADEIQALRAWILDRLAS,SzhBpg,.\datasets\esterase\pdb\31.json,.\datasets\esterase\pdb\31.pdb
32,EH31(29),METIFLENEGQKIFGIIHNVGLNTPVVIMFHGFTGNHIESRFIFARLSRALEKAGISSIRFDFRGSGDSEGTFEEMTLSSEMSDAKAIANYARDRFKGHIGILGLSMGGTIALLTAPMLKPNALCLWAPAAKNREVFTNGGMPQQIEKGKRLDVGGLEISNAFIKEVLTMNAFEKAKYYSNPVLILHGTSDSTVPFEHSQDLAKEFDHVTLVPVEGADHVFTSVQWSSFVIEKTVNFFTENLL,8oYGwA,.\datasets\esterase\pdb\32.json,.\datasets\esterase\pdb\32.pdb
33,EH32(29),MKASDFPAVQKSLQRAEGIQSFLEWKSDTSLPPLHFAHANGFNGMTYRHLLAPLADRFHIRAWDARGHGATSLSADPTTQTSWYRYADDLIVLLEQFAEEAGGPVLLAGHSMGGATSILAAAERPDLVRGIILLDPVMIRRHQGRMLRLMTKVGLRIGPQDLAAGAQKRRSVFPDRQTMVESYRGRGIFRTWPEAFLLDYVEGGTRSLPSGEVELACAPAWEAANFRGHNHDIFAGLAKLNVPLTLIYAGIGSTCRGNAPFLIGEQDKRATLLRIGTGTHFLPVEYPDIVRREIVALYDRILGLEEKVAA,V0MvpA,.\datasets\esterase\pdb\33.json,.\datasets\esterase\pdb\33.pdb
34,EH33(29),MSSNPEIANSIQTGAFKTNYHDEGEGYPVFMIHGSGPGVTAWANWRLVIPVLAEHYRVIAPDMAGFGFTERLENYEYTMDNWVQHAVDLMDALGIEKAHLVGNSFGGGLAIALAIKHPERVNRLVLMGAAGVEFELTAGLDEVWGYEPSVANMRKMMDLFAYDRSLVTDELAELRYKASIQPGFQESFSKMFPAPRQRWVEALASDPEDIKKIQHETLMVHGREDVVVPPITSKTFFELLPNSQLHMFGKCGHWTQIEQNARFNKLVLDFFAEADQ,EStwmg,.\datasets\esterase\pdb\34.json,.\datasets\esterase\pdb\34.pdb
35,EH34(29),MLATRLPAIISNPNTPIRCSVIWLHGLGANGNDFAPIVSELGIQDELGIRFVFPHAPSIAVTINGGAVMPAWYDITEMDLMERADNAGIVSSSKTITDMINDEIATGIEPSKIVIAGFSQGGVIAFDAGLRFPETLAGIMALSTYIPMQDTLPTAEQSGHAKIPIFYGHGDFDPVIPIEQADSSRRFLEASGYCVDWHAYPMEHSVCPQEIHHIKDWLTTVLS,wdoM1A,.\datasets\esterase\pdb\35.json,.\datasets\esterase\pdb\35.pdb
36,EH35(29),MAVDPQIQALLDKGTGVPATHTLPVDAARAQYEARIALMARPAEIAGAHEQAIDGPGGPLRIRIYTPLGTGPFPLLVFFHGSGFVLCSLDTHDGMCRNLCAGANCVVASVDYRLAPEHKFPAGIEDCLHATRWAAAHAATLRANPTRIAVGGDSAGGNMAAVTALRLRDEGGPALCGQLLMYPVTDYHTPGTPSYEDNAEGYGLTRDTMKWFWAHYLNNPSEAAHPHASPLRATNLAGLPPALVITAEYDPLRDEGELYAHKLRAAGVRTALSRYDGVNHGFMFWVGVVDKAGVAMKEACAWLRGAFAGPR,qnqTtA,.\datasets\esterase\pdb\36.json,.\datasets\esterase\pdb\36.pdb
37,EH36(28),MSSNPEIANSIQTGAFKTNYHDEGEGYPVFMIHGSGPGVTAWANWRLVIPVLAEHYRVIAPDMAGFGFTERLENYEYTMDNWVQHAVDLMDALGIEKAHLVGNSFGGGLAIALAIKHPERVNRLVLMGAAGVEFELTAGLDEVWGYEPSVANMRKMMDLFAYDRSLVTDELAELRYKASIQPGFQESFSKMFPAPRQRWVEALASDPEDIKKVQHETLMVHGREDVVVPPITSKTFFELLPNSQLHMFGKCGHWTQIEQNARFNKLVLDFFAEADQ,0Z2Lkg,.\datasets\esterase\pdb\37.json,.\datasets\esterase\pdb\37.pdb
38,EH37(28),MSGDNPFDPELYKDAAVSAETRALNTALIDLLETSDDNWDIGVEEARARRDRGEGPFPAVPKSPRARTIQIPGKGGDIALRIIAPETPKGVYLHFHGGGWVFGSADGQDPMLERISDTTGLVCVSVEYRLAPEHPYPAGPDDCESAALWLVENAKREFGTDLLTIGGESAGGHLAAVTLLRMRDRHGFTGFAGANLVFGAFDLRWTPSARSYGNDRYLILRTLDLEKFDACFLPENVDRADPDISPLMANLHDMPPALFTVGTDDALLDDSLFMHARWAAAGNEAELAVYPGGAHGFVAFPGALAASAVQRMDAFLKRFTD,4oYGXg,.\datasets\esterase\pdb\38.json,.\datasets\esterase\pdb\38.pdb
39,EH38(28),MNEADFETKYIDVNGVKTCYIEEGQGEPVILIHGGGAGANSYGNWFASLPLFGKKFRAIAIDMIGFGKSEGPAVIGADCSQKTRYDHLAGFIKAMGFEKATLVGNSMGGATAMGVAIEYPELVDKLVLMGSAGLNTEISEALMPILKYDFTKEGMVKMVQALTNDDFVITDEMIDYRFANSIDPSNKEAYGNVMEWIKSQGGLFYEDEYIAKITQKTLVVNGKNDLVVPLTHAHKFLELINDSWGYIVPHCGHWAMIEHPEDFASAVSQFIESH,g2m3UA,.\datasets\esterase\pdb\39.json,.\datasets\esterase\pdb\39.pdb
40,EH39(28),MASIPAHLMKLLLRAGVKRDIRDPDKLVKHLRRAMNAPLAPSPLPRGIRLQRGKVAGTAGHWLSPTDPQTTILYLHGGAFIGGRLATYHNFCGHLARTLNARVFLPDYRLAPEHPFPAATDDAFNVYRELMADPRPIVIAGDSAGGNLTLVTLLRARDHKLRMPACAVAISPASDARGNLMSRQANSDSDAMLSHCMIEVATDVYLAGADPAHPYASPITQDFTGLPPLLFTVSSEECLRDDAYAAAHCARQAGVPVQLLERKDMPHVWPVFTFLLPEAKQDLPTIVRFLRKYLATTDAHEEAFHTANESDTTIPEISS,36pqIg,.\datasets\esterase\pdb\40.json,.\datasets\esterase\pdb\40.pdb
41,EH40(27),MRTFEILTLGTLFLALAARFWSVEKRPSRANYLPGAAILLILIHLVVEGYRWQMVPAYALTALLFLLSVPRLLGKKSASQAGLGRKILNRIGMASGLVVFAIAAALPTLFPVFQMPDPTGHYAVGTTSFAFTDDSRPEIFTDDPDDKRPVYVQAWYPAESTAGHTRLPMWIDPEKITPALAKDFGVPEFVFSHFSLIQSNSYLDAPLSEQEAAYPVLVFSHGYDIGFFAQNTVQMEELASHGYIVFSVGHAYESSMVFDAQGNSIGMSQPRIDAFYQESAETGELYAKTYYVTGDEQIQAARAWLAATPLGNQSVQIWAQDTQFVLTQIERMNRGEVDSPFAGHLVTERIGVFGQSFGGATAFQVCAIDSRCKAAINIDGTQWGTLLDTPLQTPFLMVYGEMTDHLNDWVLNTSPASGYSLRVNGASHINFTDFNLVSPLFKLPQLGILGKIDTRQMERIMNAYILAFFDQTLKGISSPLLQGVSVDYPEVELKIYNHSQ,DjTVAA,.\datasets\esterase\pdb\41.json,.\datasets\esterase\pdb\41.pdb
42,EH41(27),MRHSISLVFLVALAALPWACLAAEDDKAPDVRRTEDVIYGRKSGMALTMDVFQPAKPNKCGVVFLVNGGWFSSKATPMMETVQPDRYQPFLDRGYTVFAVVTSSQPVFTIPDLMQDVQRAVRFIRHNAARFGVDPNRLGVTGASSGGQLSLTIATQGGPGKADSPDPVERESSAVQAVACFFPPTDFLNYGGPGVDGVGRGPLEPIKAAFGSRAQTLEGRHALGKEISPIYYVSAKLPPTLIVHGDADNVVPFQQAESFMKRAKEAGAKDLQLIVRPGKGHGWGDFWKSAEDVNAFADWFDKFLPQQTK,YqUaBA,.\datasets\esterase\pdb\42.json,.\datasets\esterase\pdb\42.pdb
43,EH42(27),MQELPDARRSFHRMARLGFHTPPLSLFLEDRLADRPALWVSSGVKSRRKVIYYIHGGGYVAGSPETHRNMLAALSRLCGIQACLIDYRLAPEHVFPAAVDDILAGYMALLERGYASENIIIGGDSAGGGAMLVLLSELCKRGLAPRGAFALSPWTDLTLSGESLRTNAKTEAMLPVERIDELRDMYLQGADPADPRASPLYADFPACPPVLFQASDSEILLDDTRRMVAALEAQGTDVECYIWSDLPHVWQIFHGWLPDADLALLQVAQFIKARFRT,7Jag4Q,.\datasets\esterase\pdb\43.json,.\datasets\esterase\pdb\43.pdb
44,EH43(27),MSQAQLDKLLTIFEKMPTLGSMSLEQERTNLDEGGARFLVPDDVTREVIDADGVPAEYLVAPGAADDKVVLYLHGGGYVIGSIKSHRYLMQNISRHSGARTLGIDYRLAPENPFPAAVEDATKAYCWLLAQGYQAKNIAIAGDSAGGGLTLATLVNLRDKGIDLPAAGVLISPWADLSGEAESVKARADIDPMVKPEGLYSLGGKYLNGTDAKNPLASPVFADMAGLPPLCIHVGGKEILYDDAITVADKARAAGVAVELLDEPELFHVWHAFAPMLDEGQEAVEKIGAFLQKQFS,ZMNJbQ,.\datasets\esterase\pdb\44.json,.\datasets\esterase\pdb\44.pdb
45,EH44(25),MGLFVGDLYSNKLRMTTQIKVIFPEPSNDVTPIVDGEPKVLYLLHGLSGNSGEWTRFSKIEYYAKKYNLIIIMPEVQRSFYTCGVNQMDYLGYVADELPKFCKTWFHIPTGKENTFIAGESMGGYGAVKIALNRVGQYDAVASLSGVLDYCQFAKDVLDGNWDDMRPEEIQCLHGQQGVPKELDDPLALVRKYGNHPDRPRLLQMCGTEDFLYQANQVFRQVAMEAGYGHEYQEGPGDHEWPYWDKAIQKAIWFFLKLSPDEMVIY,eTICrw,.\datasets\esterase\pdb\45.json,.\datasets\esterase\pdb\45.pdb
46,EH45(24),MPAHFPDVAGRHALAGPAGRIEVAVDRPEPELARRGTAIICHPHPLQGGSMSNKVVTMLARTLQESGLATVRFNFRGVGESEGSYDEGQGEGADLVAVADWVRQAQSGDALWLAGFSFGSYVSIAHARQLDAAALISVAPPVGRWPFDALALPGCPWLVVQGENDEVVDPQAVFDFVERLESKPVLIRMPDTGHFFHRRLMDLRGAVRHAIRGWLPPPREVT,b4olvg,.\datasets\esterase\pdb\46.json,.\datasets\esterase\pdb\46.pdb
47,EH46(23),MKNNNETRRFSIRKYTVGVVSIITGITIFVSGQHAQAAEMTQSSSDFNEQSQQTEQVEHKEDTTHLSYELNQEGDTASQSKTNQENQSDENVQKKNNQTQQDSTQTSPLNDQEQTLKGQQSKDNHVTPNSRQDTYPKGQNQDDKGKQQFKDNQHSQTEHQPNTQNQNNDQDSSDKKQHPSDQTQAPSSKGTQPKQSQSIGDRDKTVKQPSSKVHKIGNTKTDKTVKTNQKKQTSLTSPRVVKSKQTKHINQLTAQAQYKNQYPVVFVHGFVGLVGEDSFSMYPNYWGGTKYNVKQELTKLGYRVHEANVGAFSSNYDRAVELYYYIKGGRVDYGAAHAAKYGHKRYGRTYEGIMPDWEPGKKIHLVGHSMGGQTIRLMEHFLRNGNQEEIDYQRQYGGTVSDLFKGGQDNMVSTITTLGTPHNGTPAADKLGSTKFIKDTINRIGKIGGTKALDLELGFSQWGFKQKPNESYAEYAKRIANSKVWETEDQAVNDLTTAGAEKLNQMTTLNPNIVYTSYTGAATHTGPLGNEVPNIRQFPLFDLTSRVIGGDDNKNVRVNDGIVPVSSSLHPSDEAFKKVGMMNLATDKGIWQVRPVQYDWDHLDLVGLDTTDYKRTGEELGQFYMSMINNMLKVEELDGITRK,09SHOg,.\datasets\esterase\pdb\47.json,.\datasets\esterase\pdb\47.pdb
48,EH47(23),MFWNAKNGSVKIGDTQMEYVSFGYGSKTFIVLPGLSDGLLTVKGKALLLAKPYVRFFKDYTVYMFSRKDKMPENYSIRDMAADQAKALEELGISKVSIMGYSQGGMIAQFLAIDYPKLVEKLVIAVSAPRVNDIIHNAVSSWIEMAASSDHKSLMIDTAEKMYSENYLKKYRKMYPIIGKVGKPRNYDRFMINAKAILSFDAYEELNKIVCPTYIIGGEEDKTVGVKASYEMNERIENSVLHIYKGLGHAPHEEAEDFYQIVYDFLEA,95vYDw,.\datasets\esterase\pdb\48.json,.\datasets\esterase\pdb\48.pdb
49,EH48(23),MASPQLQQIVQMLRQRTASRETTTDLGVLRAGIEAGGQMFGPEAGTATEPLVIDGVPAEWITGPGATDAATIYYLHGGGHTIGSIASHRGLISRLSKASGARALAIDYRLAPENPYPAGLEDSLKAYRWLLAQGVDPNTIVIAGDSAGGNLALTTLLALKDAGDPLPAATVLLSPWTDMLSTGDSYKTRKDLDPMIPADEALTAARMYANGADLRDPLLSPLYGDLSGLPPMLIHVGDHEVLLDDSTVLAANAKAAGVDTTLEVWPQMIHVWQFFAPMVPEATEAIDKIGKFVRSHVATGATV,u4fm0w,.\datasets\esterase\pdb\49.json,.\datasets\esterase\pdb\49.pdb
50,EH49(23),MFLDINISGNFARIYVENTVLLCHGLPAEPGSVVEKGYDKLARYFARYFTPVIFDFSGCGLSRKEFSLRRWVEDLINIAGSFSHVDIVAFSMGGVPAVYTAANLRNVRSVTLVATPCCFDVLSLKILQEVHANAKTRGTLRVGDFSSFVMGLKEDMMEFEPLRWIEKVKNVLLVHGTKDDVVPLESSEKLFRFAKSPKKLLKVIGGGHKLRQEKAVVDKIIEWITGEKKKESVEIIP,oq3xow,.\datasets\esterase\pdb\50.json,.\datasets\esterase\pdb\50.pdb
51,EH50(22),MNIENESLYEKKYIDVDGINTCYIEAGEGEPLVLIHGGGAGANGYGNWFACLPLFAKSFRTIAVDMVGFGLTDSPDPSDFEYSQKARYEHIANFIKKMGLEKVNLVGNSMGGATAMGVAVEYPELCERLILMGSAGLNTELDIAALKPVLGYDYTKEGMIRLIKVLTNDSFQITSEMIDYRHANSVDPKNEASYAATMDWVRKAGGLFYEEDYIASVQQKTLVVNGKDDQVVPLSSAHKFLELMDNSWGYIMPHCGHWAMIEYPDDFSSAVSAFIKSH,jhnecA,.\datasets\esterase\pdb\51.json,.\datasets\esterase\pdb\51.pdb
52,EH51(22),MSLKKKLIPALVAGVLATAATGASAVPFTGVYVFGDSLSDAGTYRPGLSVALGSAAAAAALGRFTTNPGPVWAELIATTYGGNGAPSNAGGGNYAQGGMRVALPSPASLVGPGGAQRPVSTQITEFLTPRNGAADPNALYAVWVGANDLFSNLGLFQAGAIDQATLQSNVLAAANAEIAQIARLRAAGARYILVFNIPDVGATPQFAGPLASSVTALSVGYNVTLFTGLQATGTKVIPVDAFALLTDVRANASAFGFTNTTTPACLPAGSSSLTCSAANIPAGAATSYLFADGVHPTSGSHKIVADFVTSLIEGPNAYSTMAETPLAMRAAHIRTLEEGLQQGKAAPLGKITAFAAAEGSKSDISRNALSPQTDTKNKAVTVGVSMRASEDATVGLAIGTVKGESRLGGAGQFDVKENTLSAFASGRWGGFYGSLTASIADLKFDNVRRNIQLGPVSRTATSNTKGANSSASFMAGYDFALGGLSIGPFLSHTAQSVDVNGFSEANAGSASLKIMDQRRDSQVTGIGVRASLPLGAFTPFVRVAMEKENRNDERFVSANPLSVTSGNTYDIPAYRADSKWVTGAIGVRGRLAERIGLSVVYTSVSSKQSVKQDGVTASVSVDF,733NOA,.\datasets\esterase\pdb\52.json,.\datasets\esterase\pdb\52.pdb
53,EH52(21),MASIRSQLLAKVLRMTIKRKFTASRNLVQERDNMDKLAVMSVKPERGRVTTLGGVPGEWHEAQLGSKETTILYLHGGGYVVGSPTSHRGLAAMLANLAQARVFVLDYRLAPEAPFPAALDDAVSAYKALLDDGQDPKKIVIAGDSAGGGLTISLMLALKEQSIPLPATGICLSPWVDLSFSGDSMQTNTKADAILCKESLTWLADQYLGDVAANDPRVSPLFAELNGLPPLLIQVGSDEVLLDDAVRLNKFAKKAGVDTTLEVWHGQVHVWQLMSRLIPEARQAIHSIGTFIKTHIDD,0pXgOg,.\datasets\esterase\pdb\53.json,.\datasets\esterase\pdb\53.pdb
54,EH53(21),MKSKLLDTACGQIHYWLSENIDTDAITLVFLPGLTADHRLFDKQISYFEGGMNLLTWDAPGHALSRPFYLDFNLFDKARWLDAILEKENIRRPVIVGQSMGAYVGQAYAQLFPEKLCGFVSIDSAPLQRKFTTAIEIWLLKHIEPVYRMYPWKMLVKAGSIGVATSEYGRALMSKMMLDYEKSEYASLVGHGYRMLAVAMEADLPYEIKCPALLICGEKDMAGSTKRYNKAWHNVAGIPINWISGAGHNSNTDAPEIVNELIDTFVRFRVGCRIQ,YgIQ4A,.\datasets\esterase\pdb\54.json,.\datasets\esterase\pdb\54.pdb
55,EH54(21),MNGNIEQTRNPVIADYWADYGGKLWKGRHMTLDAQVKYVLELVEKSPYPELHTVSAQEARDIFEETAPALNVRPEDVYRTEDRWIDGVEGDIPIRIYTPRQPKAGEKLPILVFYHGGGFVIGSLDSYDSLCRVLANMAECIVVSVEYRLAPEHKFPAAVDDGLEAYQWVSDHAHELDGDNRRVAIAGDSAGGNVAAVTAIGVRDEGDIPPLLQVLIYPVAGGAPETPSHYEFAEGMLLTRANILWFYDQYLDQPEDVTDPRFAPLLAEDLSGLAPALVIVAEYDPLRDEGIAYAERLHEAGVKVALASYEGMVHGFVSLADAVDQGKVAIDQITAALRDAFAETN,zHojYQ,.\datasets\esterase\pdb\55.json,.\datasets\esterase\pdb\55.pdb
56,EH55(21),MKRFNLAQSLLGCTVFSVVLTTGCTNSQQDALYSKVIDLGRGAVNLQVEQAHMRDVDMTYLERKGSGPAVMLIHGFSANKDAWLKFANELPDDYHLIIPDLAGHGETPAPINGSYDLEQQAQRLNALVAHLGLTQLHIVGNSMGGAISSIYTTIYPEQIQSLTLMDAAGIDGANKSEYYQALENGHNPLIATDKESFENRMQMVMEIQPFLPWPLRPAVMRDTIERVDINREIFADMIATRTRLSETNFPELLTEKVKVPVLIMWGEKDRVLDVSAVPVFKHYLPQAKVVLFPEVGHVPMLEIPEKSANVLAEFIASIQ,jlm7mg,.\datasets\esterase\pdb\56.json,.\datasets\esterase\pdb\56.pdb
57,EH56(21),MKKLLFALLLLLSGSAATLYFVPATQLASLRLIEQYRAGLSHEQLSVHNLNIHYYRGGPASGETLVLLHGFAADKDNWLRFSRPLTQDYRVIALDLPGFGDSDLPPGSYDVGTQAERLADILDELGVQQAHVLGNSMGGQIAALFAARYPERVRSLALFANAGIESPHKSELYQLLTSGSPNPLVVKQPQDFDKQLRFVFVEPPYLPESLKRYLGERAMAKATHYDQVFKQLVERPVPLAPELPKIQAPTLLLWGRQDRVLDVSSIEVMQPLLNKPNVVIMDNVGHAPMLERPEESALLYRGFLEGLK,DONAdQ,.\datasets\esterase\pdb\57.json,.\datasets\esterase\pdb\57.pdb
58,EH57(21),MSDLPFWYERAINTPSTSGITTVAGTHIAYETWGEVGRPGIVLIHGSNAHLEWWRFTAPFLADQFRVAALDLSGNGDSGWREKYTGELFAEEVWAVCEAAELGPRPVVVGHSFGGFVALETGHRYDASLGGLLLMDFTTAPPETYMEWGMRAEREGVKPGRKLRVYADKATALGRFRFIPEQPGVHPAVLRHMAEYGLKQVADGWTWKFDPGLFDYLEMGVDQRDKYAALTCRSAVMLGEKSEDEGAFYAEHMAQISGGYLPIITIPGTYHHLMFDQPMAVAMSMKMLFLEWIRQDNEREMRQCLDHVVEQNK,6Quhzg,.\datasets\esterase\pdb\58.json,.\datasets\esterase\pdb\58.pdb
59,EH58(21),MTITTSERTRPMWQEHIAGRKIGLETGPRPFDPHKPCLLMVHGSGGRGETFRPQLSGLAPYLNPAAIDLPGHGNTPGPGRDQVAHYADWLAEFIRRGPLRPALLGHSLGGAIVMQLALDHPDLAPALVLVGTGSRLRVLPAILDGLLSDFDATLDLVLKYAYAPGADPRWVQAGREIMSQPGPRVVHDDFAACDRYDITDRLGEITAPTLLIYGDQDQLTPPKYGRFLAERLPDARLEIVAGAGHMVNLERHAEVNRLIPPFISAFSPPASS,SrNoSA,.\datasets\esterase\pdb\59.json,.\datasets\esterase\pdb\59.pdb
60,EH59(21),MDTQQHIELLPAVEIASGPAPRHSILWLHGLGADGNDFAPIVPELTHGLPPLRFVFPHAPQRAVTLNGGLRMRAWYDIRSFDLGSHADEGGLRESMAQVQALIAREQRAHGIAADKVFLAGFSQGGAVALCTALRHAQPLAGVIALSTYLPLTDQLAGERSATNARIPVFMGHGSLDPVVPQMLGAAARDVLTALGHRVDWHSYPMAHAVLPQEIADLRAWLARQMGD,F1rYNg,.\datasets\esterase\pdb\60.json,.\datasets\esterase\pdb\60.pdb
61,EH60(21),MQTSNIQTGSFNTFLNEAGTDKDTSILLLHGSGPGANAMSNWQYALPFLAENYHCLAPDIAGFGLSQHNCPPNGTSHWIDIWVQQQIDLLDAKGIEQTHIVGNSMGGGVTLHLLNRHPERFKKAVLMGPVGAPFAPTEGLTKGWEFYKDPSKEALEYLITKFLFDPSLLGNDIASIAAQRFDNVMKDEVRLQFEAMFSGGTKKGIDAFVLSDDELNNISHQMLVTHAREDFFIPLNNAYYLIDRIPNAQLHVFDHCGHWVQIEKKKAFNNLTKLFFDGMFDD,P9Jc8w,.\datasets\esterase\pdb\61.json,.\datasets\esterase\pdb\61.pdb
62,EH61(20),MTDLLPFETVKTAEKNEYTIIWLHGLGADGNDFVPLVPELRLPKSLAIKFIFPHAPVRPITLNNGYEMRAWFDMFSLDRSNNTDESDLLTTVGWINQFIDQEIESGIPSTKILLAGFSQGGVIALHAGLRYPHKLAGVMALSTYMPFDKNLFKQASPEQKSLPIFAVHGLNDPVIPVASWQDYIPKLEAQGFDVEAHSYDMEHSLCAQEIQDVSKWLQRVLI,W4cIkA,.\datasets\esterase\pdb\62.json,.\datasets\esterase\pdb\62.pdb
63,EH62(20),MSFEMVEKMIPSGELASNCIIAGNPKNPPLLLLHGAGPGASAMSNWAQCAPILAKDFYVIAPDAIGFGQSELPKEVPTKIARWMGYRVEQIKGLLDELGIEKTHIIGNSMGGALAMQCVVEMPDRFDKCMLMGAIGAPFEKSSTLTRMMTFYDDPRKARYRELIQSFVYDPSIFEDLEAVMQDRFDKAMDPKMRPIQEVMFKAMNEEMNTVLVIPPPILASMDHEWAIIHGRQDKVVPLETSMYFLQHLKRAELHVLDRCGHWAQTQRWDGMYPIIMSHFLGKEIRC,lqjqJQ,.\datasets\esterase\pdb\63.json,.\datasets\esterase\pdb\63.pdb
64,EH63(20),MTNPEIGKSVVAAGIQTNYHDVGEGYPVILVHGSGPGVTAYANWRLNIPYLSQFYRVIAPDMVGFGYTEQPEGYEFSLDNWVQHIIGVMDALDIQKAHIVGNSFGGGLAIATALRYPERVGRLVLMGAAGTKFKLTEGLDAVWGYQPSIENMRKLLDLFAYDRSLVSDELAEVRYKASIRPGVQESFASMFPAPRQRWIDSLASSDEELKSLSNETLIIHGREDRVVPLSSSLHLAEVIDRAQLHVFGRCGHWTQIEHTDRFNRLVVDFFNEINE,KCxMHg,.\datasets\esterase\pdb\64.json,.\datasets\esterase\pdb\64.pdb
65,EH64(20),MTVVDTCFGKVKGQKQEGIWAFKGIPYGAPPVGELRWLPPQDPWAWAGVIDGSEYGKWALQNRSDMAAIMGADQGEQDEACLSLNIWTPAADSADRPVMVWIHGGGFTVGASSQGVYEGRELSRHGDVVVVTINYRLGLLGFANLNEATEGRIPATGNEGLLDQVKALEWVQDNIAFFGGDPDNVTLFGESAGGMSVGALLGLPAAQGLFHKAIPQSGACHTVATKASGALIGEAIMKCTGLNAQGLMSATMDDLLRAQRRIEGGKVDGYPLSKVGGLPFRPVVDGEVLPDLPIETVRKAGVAQVPIMAGSTLDEWQLFGAFQPAITKLNDETMAKRLGYLVDPAYIPSLVAAYKEALVQRGIEPTPPQVFIAIQTDRIFRLPALRLLEAQQPHNSEVYAYLFDWQSPAAKGMMKSCHAIELAYVFGTHKKKGAAKFYGEGPAADALAKHTMDAWVAFARDGKPGWGAYDKEHRTTQIFGENCHRESAPYDIEREAWNDVPDIFLGSL,0JI0dg,.\datasets\esterase\pdb\65.json,.\datasets\esterase\pdb\65.pdb
66,EH65(20),VKKFLVTLLVLGFAAWLASLHPRVGLAFYDAVGAAEAKLYGFEKSFVRIDDMEMAIYERNAHNADETLILLHGYTASKELWLRFANQLNKRYHVIIPDLAGHGETGYFSGWSYRASAQDRIAQLMNTLNVEQATIIGNSMGGLIAANFAIMYPLKTHKIVVFNPAGVTPPEPTETEQMFSRGESLFEIDSTAEFFEFYDRTMAQPPFVPQFVLRGMAERYRERKANYAHIAQDFRFHDQLDNRLGLIRVPTLIIWGDQDRILSPSAAPLWHQGIRQSELTIFNGIGHMPMVEVPQQAAQRVTEFLEH,1LTzHA,.\datasets\esterase\pdb\66.json,.\datasets\esterase\pdb\66.pdb
67,EH66(19),MKYKFIPIQNIEVFYREAGERKNPTIVLLHGYPSSSHMFREVMPILAEKYHVIAPDYPGFGYTEAPNMDEFEYSFDNLASVVDEWLQALEVDRYFLVVQDYGAPIGFRIASTHPEKVQGLIIQNGNAYTDGLTDAWASIRDYWRDKTTENAAVLRQLCTPDFIKHMYINGVCETKKLSPDAWTLDSSFLSDETRVKIQIELFYDYHSNVEKYSQWHEYFKKHQPPALVIWGINDMFFSQKGAECYQNDLEDIEYNFYDTGHFALEEYGADMSAKILRFADRVTQANLAD,h5jCqg,.\datasets\esterase\pdb\67.json,.\datasets\esterase\pdb\67.pdb
68,EH67(18),MSLEELAVVRQLLAGLVTGEARSLEDFRTSYDEAGKAFGLPEGVTVTPVSAGRVPGEWLAPAAGAGKRVLLYLHGGGYALGSLDSHRHLAARAALALKGRVLLIDYRRSPEHPFPAAVDDALAAYRWLTETGVDPAKLAVAGDSAGGGLTVAVLLAARDAGLRLPAAAVCISPWANLENKGASYGAKANVDPMVRHADLELWTAAYLGTSTPRRAPLASPVYADLNGLPPFLIQVGSSEVLLSDSHLLADRLKEAGVSVDLHVWPEMIHVWHWFAPVLSEGRAAIDEMASFLDTKLG,NuEzWQ,.\datasets\esterase\pdb\68.json,.\datasets\esterase\pdb\68.pdb
69,EH68(18),LIRFQYIESGGERLAVSIHDPAVSVDRDDVPVVVICHGFIGTRIGVDRLFVQAAERFASAGVGVVRFDYAGCGESSGEYGKNRFDDFIRQTRDVIRTVEQFPSFQRRPLVLLGHSLGGAVATVTAALDRRVERLVLWAPVAYPHADIVRIATDGYGRSDGETIEYRGYRLSPSFFTSLVDIDPLQAAKQFPGDVLLVHGIADQEIPVMYADVYGEAFGQRADSRFAKHVISKADHTFSSVSAREQLLQITTAWLFQRAVVV,1POmfA,.\datasets\esterase\pdb\69.json,.\datasets\esterase\pdb\69.pdb
70,EH69(18),MNVTVKPEKMGFSESRLENITDWMQRYVDAGKLPGAQTLVARGGEIVYSNCTGHADVESGKAWSQDTISRFYSMSKPITSFALMSLYEKGLFHLDNPVENFIPSFADMRVLRENAQSIDDTEPCQVKPTIRHMLTHCSGLTYDFNLGVLETLYGESRMNFGPKAGNLADEVDRLAQMPLKFEPGTRWNYGVSTDVVGRLVEVISGQPLDIYLQENFFDPLGMNDTFFAIPDAKLDRLASSYTPGPDGQMKRVDSAERTAYATDKVTCLSGGGGLLSTVADYLKFAEMIRRRGRSGDHQLLGSRTVDFITSNHMPGDLASMGQPVFSEVSFEGVGFGLGGWVMIEPTKAQMMGSPGDFGWGGMASTVFWVDPLEDLVVVFATQLMPSSYYPLRKELRALVYQSLID,4GX9Tg,.\datasets\esterase\pdb\70.json,.\datasets\esterase\pdb\70.pdb
71,EH70(18),MPLTSFDYSWEELQTYTGLNPRPADFDTYWDKALAEMHALGTQAELVPAEFQAPNADCFHLYFRGIGGARVHAKYLRPKNMPAKHPAVVMFHGYTGNSGDWSDKLNYVGAGFSVAALDCRGQGGLSEDSSSVTGNTHHGHIVRGLDDALRGQPEKLLFRQIFLDTAQLARILMAMPEVDARRVGATGGSQGGALTVACAALEPGIQRAAPVFPFLCDYKRVWSMDYAKDAYAELKNFFRMFDPRHEHEDAIFEKLGYVDIQNLAPRIRAEVLWPIGLMDTICPPSSQFAAYNKITAPKSLLVYPDFGHEGLPGQNDKVFEFLLGL,G44zvQ,.\datasets\esterase\pdb\71.json,.\datasets\esterase\pdb\71.pdb
72,EH71(18),MFIGLYKRETARSVSGRRGCGFERRSLWRPRATANGRLSPSGQSRNETDVFVFIHGGGWMAGDKNDLQFTENNLQALKAQFPGFAFVNLNYRLVSGEENRYPAAENDVKQAMDYLYRQLESYQLSSDTYLAGGSAGAHLAALHTLKHNEDGRIKGCIAIAGVYDMVSLYEQGSSEAKLIVASFMGGRPVDQADGYARASPINFVTPSSAKFLVLHGTEDTLVPVSQAYELRDALAGHGVEHTVFTYPGGHGIPPEHLGTAFEYIGAFLR,CQ0qYQ,.\datasets\esterase\pdb\72.json,.\datasets\esterase\pdb\72.pdb
73,EH72(18),MELNSMQFLLGLIGLLLLIVTSLRRWLLRRESPQKQAVDFHGELYQVGSAVIARSRADAPAGSVIVMHGFVENFLYFTEHYADPDIQLIMLTSADYHLPVNQPRFTKADWIKIPGQRPGTIAYDAAVLNQALEHLATGTQIRVHGHSRGGAVTLEAARQRPDLFARVEVILEAPVLPQGKPYKAVSPLARWFAPFYLFAWQQQPISPANAKVFGPLDNPRKRELIMALPFNPRYGRTFVNNIKDLADWMDSTGTDIYQHVKFGAILVPSHDLILNASAMLQSAQQAESLQIIEVEGCSHLITADRPDSIPPLPG,3X5iig,.\datasets\esterase\pdb\73.json,.\datasets\esterase\pdb\73.pdb
74,EH73(17),MKIFCCLLLLVPLAAAQTAAPVAASSPTSTASQTEALPPTPKQIAHMEEMLQDWPDLGRYRAANAALPPPAAGENRVVFMGDSITDAWGRSTGIFFPGEPYINRGIGGQTTPQMLVRFWPDVIALQPKVVVILAGTNDIAGNTGPSTPEMIQENFMAMADLATANGIRVVLASILPAADYPWRPGIDPKPVIRGLNEWMRAYCARKGYVYLDYYSSMVNAGQGMKSELTIDGVHPNAAGYAVMSPLAEKAIAEALGTK,OqnAXA,.\datasets\esterase\pdb\74.json,.\datasets\esterase\pdb\74.pdb
75,EH74(17),MEGKRVLIDWGYMAYLEGGRGRPLVFVHGAGNSIRVWDRVLMDLKKNYRVLAVDLPGHGESSCKLEETVEGYAARVIEFLDALNLQDVHLVGHSMGGAIVVKAVPQCSRVTGAVLVGTGATLEVNPTLLKGLKENFGGSVDMMARWSFSREVPQDLVDEAREMMLQVGREVLYRDMYACSVYSGEEDLSSFSVPTLVVCGEKDVMTPPRLSQKLAEEIEGARLVLVPGSGHMVHLERPRELVGIIRSFLP,PXmkJw,.\datasets\esterase\pdb\75.json,.\datasets\esterase\pdb\75.pdb
76,EH75(16),MFKKTLISLAVASSVGLTGCLSGGDEGANANPDYQINNPEISGKTWPLFNPVTSELPLPNDLIFQSDVQGTAIIEADGTFKVADTSPPVTTALNELSGASTVAPAVVRLNGDIDPDSVDSRPFVIQVVGGNPVPVPNPNQNVFLIELRYASGDPVQGLGAGEPPTIPLAVTAQVASGALGAGATDLDGRTVAEAGQYLGALAQNPTYTHEVVQLDGTSAIRIHPKVPLNPKSRYLVVVTNEVLDINGDPIIASPTYANLTDPDQPLGTSSLAPVRTIINSFWENVAGSYFGLNNSARAEALTVGDIALSYSFTTSNDQEVLQYIADPTTYFRDLVAGAARVAGVKQALAGGTTDYAGLLAAANAAETSADPDTTAANLAAGLAPLLPTPTDRSDTAAFGAPQDVTLVSAVTSQFVDFGQVNIVQGTIDLPYYLGVPTGQTEAEGAVINTSDWTASLPLAANLSNLIGTQLAQSDSSVSDVVNYRFPFPIKTQDVTVPVMVLYPAGYDGSTPLETFIYMHGITTDRSAALTFGSALAANANVAVVAIDQPLHGVTPFSLADQQSLALQLLVAGGVIPAPELDANEDPIITPTAQGTIDAVIAKQLSVQTVTAIALGLAPFDASPDTPCAAAQFNGMPDGSGGTVSGVRTFDEAAQNVIAGQCDATIIGAGGEPVAAPAVIGAISIENTVANAGSTVPGLARTANERHFGFTAGAANQPVPMTATSGASGSLFINLTNFTNSRDKNRQAVLDLLNLRESLAGFDFAAGTGADLDASNVYFAGHSLGTIVGAPFVAVANTSTDASDDIVATQLLTPGAGIVRLLENSPAFAPQILGGLQAAAGLEQGDANLETFFNVFQAALDSADPINFADSLNESSSKVLLSHVNGDQVIPNDALTNPLGNAFEAYLSGTEPFAALLNATSVTNSNEVDLGITTGPLTGVDGVPLADAAITRYLEGTHGTPVLPQGGALDERVFAEMVRQTATVNGTGGGAVILNFMEQDPDITEIVQQD,X7NAww,.\datasets\esterase\pdb\76.json,.\datasets\esterase\pdb\76.pdb
77,EH76(16),VNRIAGLCVLAATMQGIGSSPAHAQQAAPGEQAASFGAQFGPVDPRVEMRTYVFADTGERIPYGVFVSSSVTMERKAPLVVALHGLGASQESMVRTSFRAVELAEKGGYILVVPLGYNSSGWYGVQAGGSVQQQREYSEKDVMNVLAMVRDEFNIDDDRIFLMGHSMGGAGTLHLGMKYPSIWAALAPIAPATAALDPDSLASIRHMPVIIVQGDADTAVPVAVTRRWASKLRELQMTFRYIEIPGGDHMGVIGTGMPDIFAFFEAHPKNHH,OJQ8ew,.\datasets\esterase\pdb\77.json,.\datasets\esterase\pdb\77.pdb
78,EH77(16),MLCAASAHADNHGAASDLHWSVLMEHTYRVEPDITYLIADGYESKLDVIAPRDTAQKLPTLIYIHGGGWVGGTKERSTLHYLRYLQMGFAVVNVEYRMARDALAPAAVEDTRCALRWVINNADQYGLDANRIVVSGHSAGGHLSLTTGMLPASARFDRRCPRRNPLGAVADADFPEMKVAAIVNWFGITDVADLVEGDNAKTYAVAWLGGMRDWKLVAKEVSPLTYVRRGLPPIITIHGNADTIVPYDHAVRLHKQLNRRKVANQLITIEGGGHGGFPLDEHVAAMEQVRSFLQANGVLK,YNn18g,.\datasets\esterase\pdb\78.json,.\datasets\esterase\pdb\78.pdb
79,EH78(15),MSNVQGYFDPRFERVRELFAEQQQDEQARGAALCVTVGGDTVLDLWQGVTDKENQQVWEQDTLVNVFSCTKPLGAVALLQQVAAGRIELDAPLAEVWPEFAQAGKQDITLRQVLSHRSGLSAIAKALPPEALFDWSTMSAALAEQAPWWEPGTAHGYAPVTYAWLLGEPLSRLTNESPGNYIQQHICAPLGMDFHVGVPDKDLARIAHVSRLRNQSGDEGARKLFAAMGEPEGLTAKAFGNPVSMMTSTNKREWQQAEILSANGTGNARSLARFWQLLAHGGELDGVKLLDSELVSLMQQEHSQGQDRTLLCPTRFGLGVMLEQDAPGGGFGMGPQAFGHPGAGGSLGFCDPEAKVGFGYVTNTMGPYVLMDPRALALSQAVHDCLRELD,2TqrnQ,.\datasets\esterase\pdb\79.json,.\datasets\esterase\pdb\79.pdb
80,EH79(14),MLWFFLAIIVLFIITTLVLFRVEDLSHLDQHDHPIREGSPSEAHHEVLGRIRELGQSSRGLRGKARLAALRKHMDGLSEGLDLQAEFRANEEPRGEWVLASGADPRRRILYIHGGAWAAGSPKSHRGITDRLSHLANAAVFAVDYRLMPENRYMDGVRDCRKAYTWLLKHGPDGPGDASFMVVAGDSAGGSHTLGLLAWIRDNGLPQADAAVALSPSTDLTLTAPSNRDNIRTDPLLGPAFGGLSRIPLPVIWWATLAAFRVSPASAVASPVRGDLRNLPPILIHASDSEMLLDNARRYTAKAQAEGSPVELHTWPGMVHVWHIFVSLLPEADEAFEDIEEFLQKVEAGRTPAQPPQTAQT,3Ggf8A,.\datasets\esterase\pdb\80.json,.\datasets\esterase\pdb\80.pdb
81,EH80(14),MRRLLALLLLLGLALAQGLEAVWKAVEVPGGVCSDGSPYRFYVSPGDPKKVVIDFQGGGACWNAATCGPQSQTYRKRVDVQELLLAQGIYNRLSVANPFYGWTHVFVPYCTGDLHVGRATVDYGGFKVHHQGARNALAALEYVFRNHTDPEKVFVTGCSAGAYGAVFWADKVLSTYKNARVAVCGDAGVGVRTPDFPGFGVWNPRLPELPGLSPNPQVAEIYLALAKAFPKAQIAQYTTLLDGTQIFFYGLMKGERTPSEATAREWAEGAMRAVLAPAQAENYTFYLAPGGQHCILPRPELYTLKVGEVSFLEWLRALAEGKAAPRVRP,io5JSA,.\datasets\esterase\pdb\81.json,.\datasets\esterase\pdb\81.pdb
82,EH81(14),MKKFIVTTLALVFAAWLATLHPRVGLAFYDAVGALEARIYGFEKLSVDIGDMQLSVYERNSEQAHKTIILLHGYTASKEIWLRFANRLNPEYRVVIPDLAGHGETGFFSGWSYRASSQAKRVAQLMDKIGVERATIIGNSMGGMIAANFAIMYPQRATSIVLFNPAGVTPPQPSVTEAMFAAGESPFEIDSQQQFFDFYKLTMAKPPVVPDFVLRGMALRYSERKADYAQIAQDFRFHDQLDGRLNQISTPTLIVWGNQDNILSPSAAPVWHQGIPGSQLHIFDGIGHMPMVEVPNESAQRVHAFLAE,2n24aA,.\datasets\esterase\pdb\82.json,.\datasets\esterase\pdb\82.pdb
83,EH82(14),MSNSLELRSKRMPAARNLLTALLLATTCGALAQVGPGGPGGPRGGGFGAPPTPPGPAAEVPAAVRMARPTAAEVASVRASVDKLDLAKKYPGLVQINVPAPMSENTAIRPSLSGGFQQKHQDNLAVAKQGDAELLFMGDSITDWWRSETGTNAGKAVQDKYFGQWKVANFGIAGDTTQGVLYRLQNGEGKGFKPKAVMLMIGTNNTGRNSAGEIAEGVGAVVLQLQKDFPDARILLLAIFPRGNPGDAARGTIAQINDTIKKLDDGKKVFYMDIGRNFLDASGAIPREIMGDGLHPTTAGYEIWAKAVIDPITAMMNGRAPAGRVNRIAGLCVLAATMQGIGSSPAHAQQAAPGEQAASFGAQFGPVDPRVEMRTYVFADTGERIPYGVFVSSSVTMERKAPLVVALHGLGASQESMVRTSFRAVELAEKGGYILVVPLGYNSSGWYGVQAGGSVQQQREYSEKDVMNVLAMVRDEFNIDDDRIFLMGHSMGGAGTLHLGMKYPSIWAALAPIAPATAALDPDSLASIRHMPVIIVQGDADTAVPVAVTRRWASKLRELQMTFRYIEIPGGDHMGVIGTGMPDIFAFFEAHPKNHH,mADWOA,.\datasets\esterase\pdb\83.json,.\datasets\esterase\pdb\83.pdb
84,EH83(14),MQSGTVASNGIELFYESRGPENGEPMVFVMGLSAQMVFWPDTLLDALAAKGYRVIRFDNRDVGKSTQIRKPIKQGPVSAILRRIIGLPVESPYTLHDMVADTVGLLDALNIERAHFVGASMGGMISQLMAGTHPERVLSLTSIMSSNNSSLLPPPKPSALRVLIAPRVKVETEEQFVTFGLEMMSKLAGTLPQGKEELAAMYRAAWARGINPRGIRNQFLAITATGSLSKTLKQIQCPTTVIHGGADPLIRPAGGKASARAIRGAKLVIIPGMGHDFPPSVIDRIGELIAETAGRANSVVPPAVG,yML0Nw,.\datasets\esterase\pdb\84.json,.\datasets\esterase\pdb\84.pdb
85,EH84(13),MTHQIVTTQYGKVKGTTENGVHKWKGIPYAKPPVGQWRFKAPEPPEVWEDVLDATAYGPICPQPSDLLSLSYTELPRQSEDCLFVNVFAPDTPSQNLPVMVWIHGGAFYLGAGSEPLYDGSKLAAQGEVIVVTLNYRLGPFGFLHLSSFNEAYSDNLGLLDQAAALKWVRENISAFGGDPDNVTVFGESAGGMSIAALLAMPAAKGLFQKAIMESGASRTMTKEQAASTAAAFLQVLGINESQLDKLHTVSAEDLLKAADQLRIAEKENIFQLFFQPALDPKTLPAEPEKAIAEGAASGIPLLIGTTRDEGYLFFTPDSDVHSQETLDAALEYLLGKPLAEKAADLYPRSLESQIHMMTDLLFWRPAVAYASAQSHYAPVWMYRFDWHPEKPPYNKAFHALELPFVFGNLDGLERMANAEVTDEVKQLSHSIQSAWITFAKTGNPSTEAVNWPAYQEETRETLILDSEITIENDPESEKRQKLFPPKGE,NV8uMQ,.\datasets\esterase\pdb\85.json,.\datasets\esterase\pdb\85.pdb
86,EH85(13),MSELDSIIIETQEHPDAAVIWLHGLGADGNDFVPIIEQMQLPSHLAIRFVFPNAPLRPITINQGYQMPGWYDISSLSIVEQEDEAGIRESSAILKSLCEEQEASGISASRIVLAGFSQGGAIALHCGCRYPKPLAGIIALSTYMPLPDTLSNEISEAIIETPIFMGHGLQDNVVAYDYGKQTLAQLEECGLNVHWYEYEMEHSVCLEEVSHIRQWLSDTF,yhamkw,.\datasets\esterase\pdb\86.json,.\datasets\esterase\pdb\86.pdb
87,EH86(13),MNCSGVKIGFNSSKRPSRNKQKRRKGMALDPQAQWVLDIAEEKGLPSLDEMTPDEAKAAYEERALTLTFKDVDIGKTMDIDIPGPNGNVPIRIYHPVGMTDPLPVLVYYHGGGWVIGSRDTHDSLCRLIANSGPFVVVSVDYRMGPEAPFPAAVEDSVAALNWTASNIADYNGDPDRIAVGGDSAGGNLSAVVCLVAREENTYMPTFQWLIYPATSMDMTTPSHEKFAEGYFLTRSLMEYFQGHYLKNEADKIDWRASPLLAESLAGLPPALIQTAGFDPLQDEAIAYGERMNKKAASDAYPL,gC2a2g,.\datasets\esterase\pdb\87.json,.\datasets\esterase\pdb\87.pdb
88,EH87(13),MASAEALKMMAELRANRKPDRPLAQARAEWDIEAAAQALPAETVVEPGQMGGVASEWIVCGPVIERGVVLLLHGGGYHAGGLVTHRAFAARVSRALGRRVLQIAYALAPEHPFPAGLHDALAAYKALIAEGVVPGEIVLLGDSAGGGLAISLMLALKRDGDPQPAGAVLLSPWTDLECSGTSYRTNLSRDPNMSREDLLAAADDYRGSLPASEPMLSPIHADLSGLPPMLVQAGGGEIMLDDSIFFAEQARTTGCRVTLDVTPDLWHVFQNGPDDIPEVRAAFDRMGTFVAGVMARPSAP,w5dN0w,.\datasets\esterase\pdb\88.json,.\datasets\esterase\pdb\88.pdb
89,EH88(13),MHFFDHGRVTRNFMLVALLAGSAGAHAQALRAPAAQAAPVPAAVPAAVAIPRPTAAEVELARGSLAKFLASADAATRSVLEKYPGLLEVRPPGPNSAILPGLAPQFQAKHQANLEVARQGDAEVLFMGDSITDFWRNAEGPFAGKPVLDRHFGHWKVANFGIAGDTTQGVLYRLQNGEGRGFNPRAVMLMIGTNNTARNTAAEIAEGIGAVVLELQRDFPQAKILLLGVFPRGRPNDPVRGTIAEINRAIAKLHDGDRVHYLDIGAQFLAADGSIPADVMSDLLHPGPKGYEIWAQAVKEPLTKLMGARP,VrfbkA,.\datasets\esterase\pdb\89.json,.\datasets\esterase\pdb\89.pdb
90,EH89(13),MQIHKVPGVCVGIVYKGDVVYVKGFGYRDLENNLPVSGNTVFGIASVTKSFTALAVNQLSEKGLLSIEDPVRKYLPGFNVPDPRFCGKILIHNFLTHTAGIPPLPSLNYAIIESTRPDEGDESQAAGCDERRKSFRFKDVDGLCEFIATYEYKLLGAPGEFLSYSNDCFGLLGSIIEKTSGETYEDYLQEHILGPLGMGHTTTRLEKLQEFDEVTRLYYKDADDNLCVSDNWQVAPAFTACGFLKSSVFDLLPYVNLYINRGRANSFQIVSPTSVGRMVTPYYPYNPDQWYGYGFTVRPDYHGVTLVQHSGSLKGVASNIGYVPEKDLGVVVLSNMTGFPASKVWLGAVNLCLGLDVRTPITEKTVVSQPEARLLKFVGTYRSGEGACIRIHMVGDELKATIDSKTYSVEPTGPDTAVIVIEGVDNFIRLLTDCDGTVWALRYGSRIILKAEDDSGVSCSI,y3Pxtg,.\datasets\esterase\pdb\90.json,.\datasets\esterase\pdb\90.pdb
91,EH90(13),MHSVTTYKDLSYYTGSEYHHKKHLLDLYIPQDTGTCAMLLFVHGGAWSIGDKSMHEHVGRALARKGIGTAVINYRLSPEVLYPDHCIDVTRAIQWSMNEAPHYIGTTGGICLMGHSAGAHLVALVSLHPEYRKHIPIKFIKGVVCISGIFDIPALMNTSFGRSIIPPAFGKNPHTWKDASPVYHVSGKSPPFLVMVAEKDPVILKAQSLRFHDVVPFSRHYILPGRNHFNSIHKFGKRGDTAASQVVTFIDDQYRVSSGSL,VHvOWQ,.\datasets\esterase\pdb\91.json,.\datasets\esterase\pdb\91.pdb
92,EH91(13),MPNRMRNHPPHSAMISPEAEALADQAPGRDMTQPLAEIRARLRADNESTGAAILKASGVTLSERTIASVRCMVVTPPEPRTDRKLIYLFGGGFALGNPFEDLPISARLAEKTGAEVIVPHYPLAPEYPYPAALDACTSVISSVLAETPEACLCGESAGGNLALAALHRLRAIHGPQPRALALLSPFVDLLNTGDSGRADRDPFLNQSEIEFFRSCYVPETADLTEAEISPVYGQFDSDFPPGFITSGTRDHLLNGFLRLDRLLEPQGQIAPTIGKDGDGSIYPIPKGRL,5VhxXQ,.\datasets\esterase\pdb\92.json,.\datasets\esterase\pdb\92.pdb
93,EH92(12),MEPLELEDQFVTTEAGYQLHYQSAGTGEPLIFLHGGGPGATSFGNFYYNAPAFLEQYQCFFYNMPGYGQSSKLVVEAPMYSFHASMLAEFMDLVGIPRAHLVCQSFGGCAAIKLAIDHPERVNKLVLMGAQPMFGGVIDPLKLMSKHAANIILDYYGGEGPTPEKMRRLLADYEMHDDSKLTDWTVNDRFANSTDPELLEVARTPGFMGQPESLLGDLHRNVVPTLCLWGLHDWFGGPDVPLLFLNQFANAQLFIEGQGAHHWQTELPERFNRVVLSYLSE,dLnaQA,.\datasets\esterase\pdb\93.json,.\datasets\esterase\pdb\93.pdb
94,EH93(12),MTAIIRQGRYQGLSSKGVTEYRGIPFAKAPLGEWRFKAPQPLPDSEDCVNADRYPLASLQPRNPIMGIQESGEDCLYLNIWAPEGEGPFPVMVWFHGGGYMAGSTSQALYNGAELARSQKVVVVNAAYRLGAMGFADFSAVAPELDADTNLGLRDQLAALQWVQENIAAFAGDDKQVTIFGESAGGFSVCSLLACPQADELFQAAIVQSGGADFVLAPDQVRKVTNAFVAALPGDGSAAEKLLSADNKGWIKAQNAAVKVLVDRGLRTTTPQFAMNFLPMVDGDVLPQLPVDAIAAGAAANKRVMAGVCRDEFNFFQYAGVLAGTTTMDALREISDEEIVSRFERALPGNGRRAFDYYQTAVEPDARRSRLDWLAAMESDRLFRVPTVRLLDAQSQHAQCWGFQFTWPSEPFGVPLGACHVVDVPFVFGVTDTPAGMYFTGGTSEARALSHQVQAAWGTFARGDAPGWNAWQSDRQVCQLGPGETMASLLDESGEQLWRDIIPVV,6sqqwg,.\datasets\esterase\pdb\94.json,.\datasets\esterase\pdb\94.pdb
95,EH94(12),MVSGCSHVQWQPAGAPIGAPALNEDHVLTADGYRLPLPRWLPPGEIKAVVLGLHGFNDYGNAFRYLQEAVVEAGNVAIYAYDQRGFGATKRPGIWAGRDTLVDDARTVAALLRTRYSHQPLFLIGESMGAAVVLSALAEDDLMPVDGAVLIAPAVWGPDAMPWYQRLGLWLAVRLMPGEYFSSETVRRMGKRPTDDSEVMRELSSDPLVLKGARVDTLHGVSELMQAASRVVSVPVPLQTLYGLNDQIVPSEPVCSWLRRLTQSTAAEMRIVLYPDGYHLLTRYSNRAKVIADIAAWLSSPKALLPSGNEIGLDEARAMGCAD,aGwwcg,.\datasets\esterase\pdb\95.json,.\datasets\esterase\pdb\95.pdb
96,EH95(11),MNAKTPFTTPEDVGLSSTRLARLPAHFGEYVKRGKLAGVSTLVSRAGKIAHFETVGERDRENGLAMEKDTIFRIYSMSKPITSVALMMLYEEGRFQLSHEVARYIPSFANLKVWDGGTSDEYKTKPCERPMTIRDLLTHTSGLTYGFMHAHPVDKIYRKRGIDGAATANGMNLEVFCDALSEIPLLFSPGTQWSYSVATDVCGRLVEILSGQSLDVFFQSRIFDPLGMVDTGFVVPKDKLTRFAANYEKDPRTREVRLFDTSDETSTYASAKPFLSGGGGLVSTMVDYWRFCQMFLNGGELEGVRLLSRKTVDYMTLNHLPGGKTMPEMDQSAFSETGSEGTGFGLGFSVIIDEADAQAVTSAGNHSWGGAASTYFWIDPEEDLIGILMTQLMPSRAYPLRPQMQQLVYGAIED,MNQM9A,.\datasets\esterase\pdb\96.json,.\datasets\esterase\pdb\96.pdb
97,EH96(11),MSRKSRNCRNPPRSGDAQQRPRERSGSGMSTTPLQVLPGAEPLYSVGSRIGVLVSHGFTGSPQSMRFLAEGFARAGYTVATPRLTGHGTTPAEMAASTASDWTADIVAAMRWLEERCDVLFMTGLSMGGALTVWAAGQFPERFAGIMPINAALRMESPDLAALAFNPDAPAELPGIGSDIKAEGVKELAYPVTPVPAIKHLITIGAVAEMLLPRVKCPALIIQSREDHVVPPHNGELIYNGIGSTEKELLWLENSYHVATLDNDKELILERSLAFIRKHS,HBOAHA,.\datasets\esterase\pdb\97.json,.\datasets\esterase\pdb\97.pdb
98,EH97(11),MKGCRVMVVLLGLWFVFGLSVPGGRTEAASPRANDAPIVLLHGFTGWGREEMFGFKYWGGVRGDIEQWLNDNGYQAYTLAVGPLSSNWDRACEAYAQLVGGTVDYGAAHAAKHGHARFGRTYPGLLPELKRGGRIHIIAHSQGGQTARMLVSLLENGSQEEREYAKEHNVSLSPLFEGGHRFVLSVTTIATPHDGTTLVNMVDFTDRFFDLQKAVLEAAAVASNAPYTSEIYDFKLDQWGLRREPGESFDHYFERLKRSPVWTSTDTARYDLSVPGAETLNRWVKASPNTYYLSFSTERTYRGALTGNYYPELGMNAFSAIVCAPFLGSYRNAALGIDSHWLENDGIVNTISMNGPKRGSNDRIVPYDGTLKKGVWNDMGTCNVDHLEVIGVDPNPSFNIRAFYLRLAEQLASLRP,Cpfq4g,.\datasets\esterase\pdb\98.json,.\datasets\esterase\pdb\98.pdb
99,EH98(11),MIRIYLLLVFALFSSAPFAKTIVVLGDSISAGYGMPIEKGWVNLLQQTLNEQNKPYTLINKSISGDTTAGGLARIDQALEQHTPEIVLLELGANDGLRGMPPTLIKKNLRELVKRIKANGAQTLLLSMRIPSNYGQRYTEMFYNNYPELAEEMDVPFVPFILEDVALEPDMMQADQLHPNEKAQPIIAQKIWDHLEPILQTN,yyJwZw,.\datasets\esterase\pdb\99.json,.\datasets\esterase\pdb\99.pdb
100,EH99(11),MSWQRVALNLILRLTEKPYLARVRDPEVIRASFERRARWLFRPPRSVPVRQVRLGTGSRGLEALRVGDGADGGPVILYFHGGAYVFGSPRTHAGLAARLAQVTGLPVCLPDYRKAPEHPFPAAVEDARAAFEALVASGIPAGRIVLGGDSAGGGLALALLGDLCARGADLPAAAFAFSPLTDLGFSGESFRANAARDVMLPAGRDRDMAQMYLQGADPEQPLASPLMADFTGAGPVWLAAGDTEIMLDDTRRMAAHLRRQGVVVEEIIARDLPHVWPFFWRYLPEGAETLRALAGWISRQSWRSGES,7lJCZQ,.\datasets\esterase\pdb\100.json,.\datasets\esterase\pdb\100.pdb
101,EH100(11),MTQGGEVMEFVNTKTVKKSVPIFIEGGNRAILFVHGFTGSPHDFEYMAKEANRAGFTVSVPRLPGHGTCGEDFLKTTSRDWLRRAFDAYYDLKATHDDVAIVGLSMGGVIALIMAAQLKPKKLVTLAAATHVFDKRIQLTPFISLFTKKMNRENDEKFDDPDLQYLKEEYWSYNWPKQSAQLYKLMKMSRKAVPEIVSETLVVAARKDDTVPMEAADFIYKNIRSEKRKMLVFERSSHVLSNDIEKEDVAKAVIEWLV,8fL5Cw,.\datasets\esterase\pdb\101.json,.\datasets\esterase\pdb\101.pdb
102,EH101(11),MKEAVVLIHGIWMNGTEMFRLRQRLTEAGYECYQFRYSTLNCSPAENAELLHELAHSISAPVVHFVCHSLGGLVMLHLFDKHLVEKKGRVVFLGVPVNGSQVARRLSSSVLTRWTVGKSIEHGLLGDRPVWKKWRDLGVVSGSLPIGIGLFVGGPPLPHDGTVSVEETYLGGATDYITVSVSHFGLLYSEYVSIQVVTFLRVGKFGDEASELLFDGAG,QAFe5g,.\datasets\esterase\pdb\102.json,.\datasets\esterase\pdb\102.pdb
103,EH102(10),MYFAAGSKLVIIGDSITDAGRDKGIGGEGLFNAHGSGYVALLNAHLFARFPERRLRLVNQGNSGNTVRDLAARWQNDVFGLKPDYVAMMIGINDVWRQFDLPLMTDRHVCPEEYEKTLDELVARTAPTVKGMILLTPYFIEPNREDAMRARMDVYGDLMRRVAERHGCLLVDVQGAFDRYLQHYHPAQLAWDRIHPNLAGHQVIANAFLAATGCLNS,OB0pSQ,.\datasets\esterase\pdb\103.json,.\datasets\esterase\pdb\103.pdb
104,EH103(10),MQTAAISILFITACIIFTFMSGCVDEKRDQEPNLEESSDKINISAEEKNSSFILTRDGIPLRYAKHGQGPPVFFVLGYGMTIDEWPHQMISNLAQNHTVIVYNHRGVSGVHNPKVPFSISQGAMDLHEVITQLAGGNERCGSADNGSNPDEPVTLDKGNCYSLPVDIVGYSMGGMIALEYAKTYPDSINHLVLISTDCGGAEKVPAEPWVIEEMGRTLNSPKEYLERAGRILLTDEFRASHPDPYTWFVDYGEVADPAAVQEQYESFVSWKGVYPDLPSIHSRTLVITGDQDLVIPPENAVIIADAIPNATLIIREGQGHGMIFVEPEEIAGIIEEFLEGRVLN,kVGFbw,.\datasets\esterase\pdb\104.json,.\datasets\esterase\pdb\104.pdb
105,EH104(10),AFPEKVADSFVRYGRSQAGLVKKDILVDDHRIVYLEGGRGPAVLLLHGYSADKDHWTRFAAGLTKRYHVVIPDIPGYGESTKRMDAKYDLARQVDRLHRFARTLGLERIHIAGNSMGGLFAGAYAVRYPGEVISLGLFNAAGVKSPRKSEVMIRTEQGESPLLLKDEADLPRVMGLAFANPPPLPYPFKKRFVEKALADRRFHEKALEDFKGDLLSLEKDLPKIEAPALILWGRNDRILDVSSVPVFERGLARHQTVIIENCGHLPMIEKAGEAADAYLAFLGTVRP,xS1E6w,.\datasets\esterase\pdb\105.json,.\datasets\esterase\pdb\105.pdb
106,EH105(10),MISKALVLVLASNLAVGIAVMAHAEGPALHPHEKLNNWGKWGDDDQRGAANYITPERIVAAARLIQTGKTFSLAIPIDSNGPVFPPRLPPHHTMEITGADYVADPGASPFGKSPIRFADDYIYMPLQGSTQWDALSHGWYGESLYNGVPEAAIRSSGAGGATKLGIENVKTSFLGRGVLVDIVRFKGGSLPEGYTITRADLEGALAKQKSKLLPGDILVIRTGLVESWYDLDPVGRASFFLNPMTGIGSDTVPWIHEQRLAGVAADNIALERVPHERAPELALPVHGNLLRDLGVYIGEIWWLEELAKDCAQDGRYEFFLAAQPLYIPGAVGSPLNPIAVK,9veRug,.\datasets\esterase\pdb\106.json,.\datasets\esterase\pdb\106.pdb
107,EH106(9),MATYKAPLEDMRFVLNDVFKADQLWASMPATAEVTQDLSDAILEEAGKMTEGLLFPLNRNSDEQGCTWTDGAVTTPDGFKEAFKTFAENGWSAFSGNPEFGGQGMPKSLAVLFEEMMHSACSSFALYPALTSGACLAVDAHACEELKSQYLPKLYSGEWSGTMCLTEPHSGTDLGILRTKAVPNDDGSFNITGTKIFITGGEHDLTGNHVHLVLAKLPDAPAGSKGISLFLVPKFLPDADNNPGEANGVTCGSIEHKMGIKGSATCVMNFDDAKGWIIGEPNQGLACMFTMMNYERLSIGLQGLGLGEVSYQSAVEYARERLQGRSATGAKNPQGPADPIIVHGDVRRMLMNMRAINEGGRALAAYVGMQLDTSKFSEDAEAKKKAEDRVALLTPVAKAFFTDRGLDTTITGQQVFGGHGYIREWGMEQFVRDCRISQIYEGTNGIQALDLAGRKVVRNGGKSVDAFLADAQAWVDANADNAQLAAVKDDLQAALLLLKSSTDTLLAQAGNNPDAISAAAVEYLDIFGYVLYAWLWAQMLAATDDRDDDFAKAKRITGQYYFQRVLPKAQSLAAQLNSGADAMMSLDAEQF,pcmltA,.\datasets\esterase\pdb\107.json,.\datasets\esterase\pdb\107.pdb
108,EH107(9),VSIFTYQEKDIYYEIDGTLDINSDVIVILNGIMMSTKSWDAFVENFSKNHVLLRYDMFDQGQSSKIEESYTQTIQVELLKNLLEHLGIAQANIVGISYGASIALQFAAKYPTMIKRMVVANVVAKTSPWLKDIGDGWNEVAKTGNGLAYYHITIPYIYSPQFYTLHNDWMEKRKELLVPLFSTRTFLDRMIRLTKSAETHDVIKDLPNIKTPTLIISSEEDYLTPPFEQKYLQEHLQNAELVSIPNCGHASMYEVPKTFTALVLGFFGQTKLDYQI,OkiEBA,.\datasets\esterase\pdb\108.json,.\datasets\esterase\pdb\108.pdb
109,EH108(9),MSLFRTMVLLLTSLLGGCSALAPVNWLVPENGYKTLTDLPYGDLPRQRLDVYLPTDLKANAPVVVFYYGGSWRNGERADYRFVGQALASRGIITVIPDYRLYPEVRYPDFLRDSAKALAWTQANRSNWQSPAGPLFVMGHSAGAYNAAMLALDPRWLAQEQLAPEVLSGWIGLAGPYDFLPIINPNVQPVFYHPQTPVDSQPLVHASAASPPALLLAGADDSLVDPQRNTRQLAEALSNYQVATQSAILSDMGHIKILLTLAAPFQDRAPMIEQITGFISRHGTRDGGQQVSTDPAVASARTN,B8wLew,.\datasets\esterase\pdb\109.json,.\datasets\esterase\pdb\109.pdb
110,EH109(9),SYLFSTVVIILLVIVAGLFLFTLFIKKRVELGMPPEGRFLQVQGTRVHYLEQGTGPCILMIHGLSGVAQNFGYQVMGELARDHRVIAVDRPGSGYSVRHPRSSAALDVQADVMAGVIDALKLDKPLIVGHSLGGAVALATALRYPDKVSGLALVAPLTHMPSETSKAFAALNIPYPWLRKLVGWTLAIPLSIRNREKVMDIVFGPEAAPEDFPLRGGGFLGMRPSQFVAASTDMHALPDVLPTMQQSYGSLKLPVGVLYGRQDRILNPQEQGQGLVDALPDTELELIDGGHMLPITQPQVTSEFIRRVLLKVQNA,SufRnw,.\datasets\esterase\pdb\110.json,.\datasets\esterase\pdb\110.pdb
111,EH110(8),MHQPLGAGIIAAGYIQKLSGRKTMQRYLTGSLLAILIGSLLSGCGGKETSDNTQSSASIKSVHAAYQPDHHYKKIKKSEFHRLVSFGDSLSDAGTYKVGTISAFGGGQFTVNSSNTRIWTTIIAEKLGLNPPCAAQTGLDGDPALGLSAMPPVNHPECTNYAQGGARVTNPVGIGNKLTGGANASLGFLTVPVMQQIQNHLDAHHDKFDEEDLVTVMAGANDIFFQLALMQAGATDPTTAFVSITNAADELAGAIKTNIIGKGAKHVVVLNIPDIAITPMSRGFDVQTLGLIDAMVQTFNYQLFLGLQNNTHVLYIDAYADSYSQYTNPGAYGLTNVTDTACDLTPEKNFLGSSLICSSSNLAANATNTFMFADMVHPTPYGHSLIAKLVSNSMRENGWIKHH,eaVPAg,.\datasets\esterase\pdb\111.json,.\datasets\esterase\pdb\111.pdb
112,EH111(8),MNEKEKIGFLLLHGFSGSPFEMEPVVNLLNHMGFKHIKCPVLPGHCEDITSFKKTRFKDWVLSSEKEFLDLFHMGLKIIVIGLSMGGSIGMYLAERYPVAGLVTIASPVYLYRLFPFEGPSKLLPLIGILRFIKPIVKTQTSKEAKKIAPFGGYDGVYPLHPLHSFIKGLKNIRYNLPLISCPLLVLHSPQDVSVPVSNAWEIITKVRSEIRKLELFPIMEQITSRHLLTTHIETKHRVKKAIASFLQEIIQT,vjGSXA,.\datasets\esterase\pdb\112.json,.\datasets\esterase\pdb\112.pdb
113,EH112(8),MSNNKQTVVDTRAGKIEGYYKEGLYVFKGIPYAAPPVGELRWMPPQPVKPWEGTLQAKQFGPIAPQNEMEGGMIPPAPPQTQNEDCLFLNIWTPGLDDARRPVMVWIHGGAFTIGSSSEPMYKASRLAARGDIVLVTINYRLGMLGFLNLREVTKGKIPATGNEGLLDQLAALNWVKENIAAFGGDPTNVTVFGESAGAMSIGCLMAMPKAKGYFHKAILESGVGSTAIPLDEAVDTARQFLETTGIKGDDVKALHELTVKDLLEAEMELRTAMAGPGEVARITVTSPVIDGELIPDVPNELARRGSAKEVPTIIGTNLEEWKLFGIMQPDINELNEAEIVSRLSQFMSAGDAREIVKTYREARQERGEPATPFELLSAVNTDLMFRIPALGLVEAQRDNGQLAYNYLFDWKSPVMNGAIGACHALEIGFVFGQYNDMFCGSGPDADKLSGCIQDAWTTFARTGDPSCESIGKWPIYGENRMTMTLGKNCHVEEAPYEQERQAWENISYKSAMP,RHtamw,.\datasets\esterase\pdb\113.json,.\datasets\esterase\pdb\113.pdb
114,EH113(8),MKKLFSLLFIILLVTLVTFKTANAWFNHSDEVAENKEIIVLLHGLGRSNTSMWLLASRLEDAGYYVQRVGYSSLHQKPDEILQDISLQINQCCQNHTQNVNFVGHSLGGLMVRAYLQNNKVEKLGRVVLLGTPNKGSKAADHFSNSWLMDILGPTAKALGTDDKSFPKSLKPPYYPVGIIAGELKSKLNDTVIPGKDDGLVSVEATKIDGMTDFIIIETGHSMMRYDGEVADQTIEFIKKWCV,eWCzhA,.\datasets\esterase\pdb\114.json,.\datasets\esterase\pdb\114.pdb
115,EH114(8),MMMNTLLPIPFRKTFTAFLLSCSLGAIAIQTTQAAEIEMSFQNLLQQERAWAGLQTKTLKVGDITWSYSEGGQAGKPIVILIHGLAGSRDNWNRVAHALTANYHVIIPDLPASGETKVPKEFDYSVPNVTEKLRRFIEAANLTGPAHIAGHSLGGSIAMLYAGQYPFETKSLFLIDAAGVYKSATTPYLKDPAQVKNMIVSKKGDFNYLMQQAMYSPPFIPKEIAQQEKMMIGQVEETQKMVDQIIALNKLFTPDSFALLAKSIDAPTLILWGKQDKIINVEVAPELKSLLKNAQPPVILDNVGHMPILEADQLVVQQYLPFLSKIQAQKPATAPSP,rh1HMg,.\datasets\esterase\pdb\115.json,.\datasets\esterase\pdb\115.pdb
116,EH115(8),MNISKITINQHVGVTLTCYVQDVSQEMSNMSKRPAMLIFPGGGYQFCSDREAEPIALSYLAKGYNAFVLRYSVKEHAVFPRPLIDAEDALSYLKDNAHALHINPDKIAVIGFSAGGHLATTLATEGKVRPNAVVLGYPALIRHEKYWNFPTPKVDQQTPEMFVFHTFEDDLVPLSHPLYIVEELSKANIPVEFHLFKSGVHGLSLGNKIVSNGLDKMIEDDVQVWFDLSCRWLDKVLDL,5UxGxw,.\datasets\esterase\pdb\116.json,.\datasets\esterase\pdb\116.pdb
117,EH116(7),MIKKAKVITMLMFVFIMFSVPGFSGRCSTKYPIVLAHGMGASAEILGIVDYWWKIPDALRANGAKVYITSVNGMDSTRNKALEFKRQVLEILAISGAQKVNIIGHSHGTIYSRDAISNLGLAPYVASWTSICGPHRGSSVADLIMYNTPDFIRDILGDSLDFIYAYIFGDTNPDSVQNGYDLCTDYMKNVFNPNTPNMPGIYYQSYASKIKWAAPTLVLEPTWLYLLAKEGANDGLVSVESAKWGNFRGVVSGAWWSPGVDHINMIGHFFGITPGFDAQDFYVTLVEDLKNRGY,LkFspg,.\datasets\esterase\pdb\117.json,.\datasets\esterase\pdb\117.pdb
118,EH117(6),MSRATSGSALTPVSSFSLVADSDQAFTLRVTLARLATRTLDMQYYIWDDDTTGKLLIYRVLEAARRGVRVRMLLDHANQLGRDVKWAVLDAHPNIEVRLFNPFKGRYKHFLQWLYYAPRLNHRMHNKAWIMDGERALVGGRNVADHYFGVNPSTNFRDLDLYAHGAIVADTQMAFDAFWDSPLAVSMKSYRHRTEATADRAWRWLGRWRTSLQGYPYLFPQHEAFFTDYLAKQEQQCVQAPAALLFDSPDKASGAKQTLMGEQLARLLGRQDNRELLMEASYFIPGDAFVEALGGFQQRGGRAAVLTNSLATNDVIAAHGAYARYRAALLAAGVELHELQPNARALHRQVRLFKGRSQASLHTKAMVLDRREVFVGSFNIDPRSVHLNTEMGYYVVSAELGQQVAAFIEEGLAPENSYRLEKQEGELLWGADGYDGKPVLYSREPKATVWRRMLAWLLSLLPIERML,IkXv2A,.\datasets\esterase\pdb\118.json,.\datasets\esterase\pdb\118.pdb
119,EH118(6),MDLIIFLLSLLVMSTVTLTLAFYLCWYYDRCSFPEQSELPGEPPLRLLPTLLGMAKEAAALTVLVLSYPLRLIHDSSPVRSRHHGEPPVILVHGYGGNSANFLFMQWRLKWRGWSNVYSVSYTPPHINARKLSQQVVDHVERILATTGAEKAHLVCHSMGGPLTRYALKNLGLAGKVDRVITLGSPHYGTRVAGLFPPLGAAAQLRYQSPFIRELATEATCPGGARYFSIFSNMDNFVLPVSAAVLHGAEDNIHVPYLGHCSLLYSSRVMDQVERCLLAPPKAAE,dXBmIg,.\datasets\esterase\pdb\119.json,.\datasets\esterase\pdb\119.pdb
120,EH119(6),MKRGETMFTLEIASKRKKLKKMKKALNVDIELMNLNDVVVRKLTPKVITPEFKDKVYLDIHGGAFVLFGGLPSIEEGLLVAERLGIVVYSVDYRMPPTFPFPAALNDVVAVYNALLDQAGEGNIFVGGTSAGGGLVLSLVQSLIKSETPLPNAVYAGTPWADLTKTSDSLYTNEGIDNVLVTYDGQLEAAAKLYAGKKALTDPAISPLYGSFGHFPPTFPGYRHQRPVFK,Vgdmiw,.\datasets\esterase\pdb\120.json,.\datasets\esterase\pdb\120.pdb
121,EH120(5),MAKRENRKGLRHFPISVSGILVFLLMAVSGFGQGPLCIPVEYQTSPFFVHFRGAGNPTLVVIHGGFSSTLQADLFCCEFARILGQRYNIISVDYRFSSLGGGELVDVLRGINLAENRWRTPKSQIHLIGASHGGFLALMAASQEEVGSVIDAYGPTNWLIQWRYVREHRPDILKRWRIYLAISRSACRDMNLEFNQCLVQRSVVNPRHLQGLQEPILILHGAKDRLVPVKESKLLARELKKRGRKVTLVILPQRGHAFPLWKGKPLGLVERLLKEEEGR,PdccDQ,.\datasets\esterase\pdb\121.json,.\datasets\esterase\pdb\121.pdb
122,EH121(5),MAGLQRVGYPNGLFLIIEFFVHIIYLHGFCSSVDSFKAQLVKSYIERNNVHTLFLKDLPPSPAQAMSLVEAHIASLDDQYWGVVGSSLGGFYATYLSQKYAKKAVLINPAVDAHLILEKALGKNTNYHTGESFDFTQTHLQELQQLHLPKLQQAQNLLLLTKVGDEVLDFQKGVDYYQGSEQVVLEGGDHGFADYENYLEKTFDFLTS,tUtShQ,.\datasets\esterase\pdb\122.json,.\datasets\esterase\pdb\122.pdb
123,EH122(5),MSFSYEAFIVIGMFFASAVLAIWLIYARTHPEQMAAWALKTERRRSGMRLNSLKIRGFTIPYLEAGAGEPLLLVHGFGADKDNFTRIARHLKNDFRVICIDLPGFGEATRDIGVLYGIDEQVARLHAIILQLDLNQVHLGGNSMGGFIVAQFAATYPEMVKSVWLIDPAGTFAAHQSEMLKAYVAKGKIPLLVEREEDFPTLIDAVMSKPPYFPQGLRTVMARRAVNDLQLHRQILHQISHTPQYLEQRYSNLETPALIVWGTEDKVLNPLGAETLRRLFLNSEVKLMSGIGHLPMLEAPELAAADFLNFQKRLSTMPRRRGVKENREVPAAQNLAGGTSVAAEASRIPTGEKRATPNINHQWCLKRRPVGLIAPDDFELREVPIAPIGEGQVKVRNVFLSLDPAIRGWLIDRPSYVAPVQIGEIMRGLCVGVVTESNNPNFVPGDFVQGMFGWQEYFITNSSGDGLTKLPPSSLPLEANLGLFGLAGMTSYFGLLDVGQPKEGETLLVSGAAGSVGSLVGQIGKIKGMRVVGIAGSEEKCEWLVKELGFDAAVNYKTDDLHGQLKAACPFGVDVYFENVGGRVLDEALSVMNNFGRIVVCGLISQYNATDAVPGPYNFAMTISKRLRIQGFVAPDYSGRVKEMIGEFSHWYSVGKLKYRVDIERGLEMAPMAINKLFKGENSGKLIVQISPVR,hhWOsA,.\datasets\esterase\pdb\123.json,.\datasets\esterase\pdb\123.pdb
124,EH123(4),VSYLFSTVVIILLVIVAGLFLFTLFIKKRVELGMPPEGRFLQVQGTRVHYLEQGTGPCILMIHGLSGVAQNFGYQVMGELARDHRVIAVDRPGSGYSVRHPRSSAALDVQADVMAGVIDALKLDKPLIVGHSLGGAVALATALRYPDKVSGLALVAPLTHMPSETSKAFAALNIPYPWLRKLVGWTLAIPLSIRNREKVMDIVFGPEAAPEDFPLRGGGFLGMRPSQFVAASTDMHALPDVLPTMQQSYGSLKLPVGVLYGRQDRILNPQEQGQGLVDALPDTELELIDGGHMLPITQPQVTSEFIRRVLLKVQNA,bCNBaA,.\datasets\esterase\pdb\124.json,.\datasets\esterase\pdb\124.pdb
125,EH124(4),MQRYVDDKLVSGLSAVILKGTDIVDAKTWGYMDIEAQTPMRDDAIFRAYSNTKIVTSAAAMILYDDGAFDLDEPVEKYIPQFKSLKVLKKGAKELDDTEELQTPPTIRHLFTHTAGFAYGLFMTNPVDKVYVDQRMMGMESTLTEMIDKLAKLPLLYQPGEEWQYSISIDILARLVEIWSGKSFSEFLQERIFEPLGMVDTGFDVPEANHHRLSTNYSPIDLRDPMVPGLKPCPDIMIGSVLAPKSFHSGGGGLVTTIADYTTFIQMIINGGEWQGQRILSPESVALMHTNQLREGLKVKIPTWDMPNTVFGLGFAIKNSPAEGEPESAIGEYHWGGMAGTHSWISPQAGVSALIFTQRAYGFWHPFSHEFKRLVYKIAG,uLN8xQ,.\datasets\esterase\pdb\125.json,.\datasets\esterase\pdb\125.pdb
126,EH125(4),MPVPETSLIYIHGFNSSPASHKAGLLRSVFEQAGCPERLVVPALPPSPVLAMAELDAAIAGAGPVALVGSSLGGFYATWLAEHHGLKAAIVNPAVRPWRLLDKYTGIQHNYHTGEAYQFDPAWLEQLRRYEVAELTQPENLLLLTQTGDETLDWEDGWDYYGDCHRYCGLGGSHGFDNFDAFIPLMLRFCGIEIHA,Jbokqw,.\datasets\esterase\pdb\126.json,.\datasets\esterase\pdb\126.pdb
127,EH126(4),MSKKIVTLTLACLLCHSVLTAQQALFWGGPQITSPEVNPDNSVTFRLLAPDAKEVKLTGDFLPPQGWIPGSEPMTRDEKGVWFYTTKPLESDLYGYAFLVDGLRMMDPNNVHQIRDVATVTNIVITPGGQGDLYSVQNVPHGTVTRTWYESPSNKYVQKRRITIYTPPGYEQGKGKYPVFYLLHGMGGDEEAWINLGRTSQIMDNLIAAGKAEPMIVVMTNGNVVQEAAPGESSLGLYKPTMQLDGTMDGQFEVSFADVIRFVESKYRVIPKKNARAIAGLSMGGYHTLHISRYYPNTFGYIGLFSAAIMPDQSHADSPVYRDVEGTLKKQHENGYSLYWIGIGKEDFLYKANTEYRELLDRINMEYVYRESEGGHTWTNWRVYLSEFAPLLFK,aDbCVg,.\datasets\esterase\pdb\127.json,.\datasets\esterase\pdb\127.pdb
128,EH127(4),MSENRTLFTLVQNLKIAADAFGPDHGRPVMLAHGGGQTRHAWQACGKRLGQNGYYTLAVDLRGHGESDWSPDGDYRMERFAEDLLDIADGFSVPPVLVGASLGGIAGMIAQGEYAKAGRRGFAALVLVDITPQMNMEGVQKILGFMSSNVEEGFASLEEAADTISRYMPGRTRPKNLSGLAKNLRLRENGRYYWHWDPRFVTGTQKPQGSREPERLQMAARSLKIPTLLVRGRDSDLVTVEAARQFAEIVPHSEFIDVANAGHMVAGDKNDIFTSAVLDFLTRMAPAASAS,iYHRsQ,.\datasets\esterase\pdb\128.json,.\datasets\esterase\pdb\128.pdb
129,EH128(4),MQLKHLFLFIVCSFFLSGCEDITNWAYEKGLAMEKNRAGLKDQILTTADGITWHILTSETSAEPIAEKEAVLLIHGFSADSSNWVRFANELEGDFFFIVPDLPGHGETTRNLDLTYTMSAQATRLLTLMDALQIQHFHVAGNSMGGAISLALAQQAPQRVLSIGLIDSAGLTRQTEGFKTILADSNSNPLIPHTAEQFQATLQWAMEEPPYLPSFVVDIMGKKKAANAAVAEKVWRDLLEDPGMMLEDKNVLPSIQIPTLVLWGREDRLLGVDNVGAFLEELPQSRAIVLDGIGHVPMAEAPGKSADAFRAFWREVRP,LHhh7w,.\datasets\esterase\pdb\129.json,.\datasets\esterase\pdb\129.pdb
130,EH129(3),MMKKLLFTLVTLLMTYASFAQTENHKVVFDKFQADYNAGQYENIFNSFASVMKEALPLENTIQFLTALKSQVGNMESKEFVRHQMQTYATYKTKFEKAVLEVNISLDKENLINGLFFKPYEEPKEIVPASVNALSSYPEELAGIIFAKTKDLPVNTQLSIAIIRDGKTAYYGIIRANDTIKTVENQNRIFEIGSISKVFTSAVLASLVEEGEIKLTGLINDFYPFPFKDNIEISFQSLANHTSGLPRLPQNLDLSSEVNPYKDYGKKEIDEYLAQWLKLENEPSTVSSYSNLGVGLMGYTLGLSQQTSFQQLLQKSIFDKYGMTNSYTTSRDLEDKLVKGMDENGEITGNWDFDVLFAAGGILSSAEDLSKFVYAQFDPGNKELALMRKPTFEINETMKMGLGWFIVKTESGKDVHWHNGGTGGYSSSMAVNVEEQTGVVILSNVSGINGIIDALCFELLPR,PueRdQ,.\datasets\esterase\pdb\130.json,.\datasets\esterase\pdb\130.pdb
131,EH130(2),MKLAKIVMSMATVAMCLAIAPRAMAQCGDEVPGVTCNEYLGIGKKGSHFRISIPTSPTWNGDIVLINHGFELDPLSIAPHNTCRGAGEACTEDTDCSGTICNKISYLGLDAFFLPKGIAVAASTYSLTGWSVFNSRKDLQDILKYMKKTPAIGVPTRVFVTGFSMGGAVTVDASLRISPKRVHGVMPLCPAAAGGVPTWDAAHDFRLAYDYVCDAVPGAAFFSESDAGDPVGELTMAGRVNSCFGMLFPSGDPLEAANQAARLAQFRSLIGHTGTDFEVVVIMGFATNGMYDLVHDKSKLGDKRAGWNEGVTYTSDPGLDAGIERVTAGPGRKKLGKAFFVDYTRGKGSKVEYPIVHLANTDDFLTIPGFQTVFMQATDDGGKARTSAWIDGGGHCNFTPEEIEATANEFVDWVDGGAQPTAADLEATCLALPNGSAANCRFDLGFTAPLLSERAPRRSDWPAAAQ,tdCUuw,.\datasets\esterase\pdb\131.json,.\datasets\esterase\pdb\131.pdb
132,EH131(2),MFIKWIKRIALLLVVLIIGALGARIYDTQRGPSLQLWHTFVPDEMHADEIDKASWADYLTAEDAIFKEVRQNVTDKLDSSQQTSLNRYFVDSPIYPEKFPTDWNRSYIMMPDGKPKGAVVLLHGLTDTPYSLRHIADNYREYGYVAVGIRLPAHGTVPGALTDVDWQDWMAATRLAIREAKRLAGDDVPLHIVGFSNGGALAMKYTLDALDDPRLTKPQRVVLISPMIGVTSFARFAGIAGWPAIFPAFAKAAWLGIVPEFNPFKYNSFPVNAARQSFQLTQALQKQIAADSRNGKMGELPPILTFQSVMDSTVSTRAVITALYNHLPANGSEVVLFDLNQAVAFGPLLRSSSYTALPRLLPPAPRNYTATIVTNVTPETTDTEARTIVAGQTAETTDLLGITYLPDIFSLSHVALPFPLSDSLYGRYPEPRNQYGISLGTFAARGERAVLVVGLDSLMRLSSNPFFPYMLKRIDDNIGPAPTK,xDDTqg,.\datasets\esterase\pdb\132.json,.\datasets\esterase\pdb\132.pdb
133,EH132(2),MKKNVGKFASAILLLSALGACAPTSSVLGEAAATKAQSAGNHYAGFTSPAPLEQKYSQRGSHEVAYVEFDAANIPNRTIGAWYPRKLEKDGARYPMILVANGSDTKASSYKPFFERLASWGFIVVGNEVEHAGTGESSSATLDVLLNAPRGNILHGRIDTANIGIAGYSQGGAGAIRAVTEYGNSRSFKTLFTASAPYPLLAKNLRWGYDAGKIAIPYFMTAGTGLSDDSGAKDTSKSFGGVAPLSSLIENYDAIPGEVMKVRARATGAEHTDMQIRTDGYLTAWMRYQLQGDRDAASVFVGKDAEILSNRNWQDVQKNR,p8HHsw,.\datasets\esterase\pdb\133.json,.\datasets\esterase\pdb\133.pdb
134,EH133(2),MKKNIALLILLPAMMAWQCSSPAKDKLPQEFNHTRDLAQLGIDSVKIASVDSLLQSFVDSNKVNCVTAFVAQKGNVIYHNAFGWKDVENQVPATTADYYMLFSQTKAITTAAFMTLVEKGLVSVDDPVSKYFPGIPDQVVTAVNPDGTYETRPVATPMTFAHLMSHSSGLGAGLVADIRRIEAEKAAAEKAEAASAMQKEPVEKTAAAPKDGETGTAAPATETQPGPCGQHSYYVGENSFPTLEEAMLDLARYPLGFDPGTEWNYHVSTNMLGYMIELISGKSLREYVKETILDPLGMVNTDWYYTPDKQENFVKPYNLADGKLEPATMMNMFVQGTFCANQTYCEGAIGLNGPIGDYARFCQMMLNKGTFNGRRILKAETIEAMTTINRLPEVNSGGEGFRFGLGFELYNELKKPAPEVSNSAYAWGGMLGTEYIIDPENDLIVLYYLNMWQRELTYPLFLSKAYGLVQVEP,79cPKw,.\datasets\esterase\pdb\134.json,.\datasets\esterase\pdb\134.pdb
135,EH134(2),MESAILGEMRHFAVYLPESYDNDTVREYPVLYLLHGGGGSWGDWGRVGNMVRIADQLMAAGESRQMIIVMPDAGTTLMTYFNGGSWNFEDHFFNEFMPVVENRYRIRAEKGSRAIAGLSMGGQGSVMYGCHRPDLFSVVYAMSAYLYRMEIAMFREDNPVNRDIQQRVEDHNAVKYIEGLSLDEVSPLRSVTWVIDCGDDDFTYAANVEFSLAMKEKGIPLQVRIFDGAHSWEYWQAAFRRALPYISAIL,MbtaMg,.\datasets\esterase\pdb\135.json,.\datasets\esterase\pdb\135.pdb
136,EH135(2),MKKTLSVLILIFLCLSISLSAVARGKYVADSMKSGILGETRHFAVYLPESYDNDPAREYPVLYLLHGGGGSWVDWGRTGNMARIADQLMAAGESRQMIIVMPDAGTTLMTYFNGGSWNFEDHFFREFMPVVENRYRIRAEKGSRAIAGLSMGGQAAVMYGCHRPDLFSVVYAMSAYLYRMELAMFREDDPVHRDIQQRVEDHNAVKYIEGLSRDGALPLRAVTWVIDCGDDDFTYTANVEFSLAMKKKGIPLQVRIFDGAHSWEYWQAALRRALPYISANL,72OUow,.\datasets\esterase\pdb\136.json,.\datasets\esterase\pdb\136.pdb
137,EH136(2),MLTDPELGRSSPAINPSKVLLPEPEAPTIASASPEATVNEISCKMLRLVSPLGTSLHKSATSIATLVSIPPVFSVMLKSLIVALLMFVSATAGSVEAASKVILVYGDSLSAGYGIRVEQSWPSLLGDRLKEDTRVGAGGTPSWTVANASISGETTAGGRSRLEVALRQFKPKVVVLALGANDGLRGLPVKQMQDNLISMVKLAKASGARVLLIGMRLPPNYGPEYTNAFEAAFTTTARLEKVALLPFLLEPVAGQRSNFQADGLHPISAAQTKLLDHIYPALQPLLK,GEdg4w,.\datasets\esterase\pdb\137.json,.\datasets\esterase\pdb\137.pdb
138,EH137(2),MKKTTMLTAALLGCALQASARPYEKGPYTVTRLEEDVYNIVDANRQNPAGMHNNKTGEVTGMNNSSDMYLVLGTEKALLIDLSNNIDWYEDPAGRLQEIVYDLARSRQLVITLTHRHGDHLGMLPAFRDDSLVRFWVPENDFSGSELFPDQRTVFFKEKESLDLGGGVIVDSFSLPGHTPGSTLFFLRGRHLVFTGDALGSGNGLWLLNEESFGQLSASFGSLMKHILDPSNGISHARLVLYTGHSWQKGTSGPLGSNYLEDMQVLIGQIGSGTALTEPYQTFLPFLNANFRYQSATITWNREAAERFVEEKRFPPERDFTGQGPTHRGNNFELIKLLDSHNFTLDDSPVGDMEYYLYDPVAHGADPGKKYPLIVMLHGASNGMEGVMCAAYTDFVVYAGEEYQQKIGGAYILFPKANEYVQMEGDNQVILGTWMTRDATQEGSVYTSVLAALLEDVISAHNIDEERVVIGGTSAGGYMAWRFLAARPDLVKGAFLIAPADNPSEEELKTYEKHGIHIWVIHGKKDEICPFGVFTGPVRNMLEATKNVRVSALETVRYGDKGIVRLNVRGTEMGQHLPLFCVGSDMIYDDGTPYDPRYPEGFTGWLNMVFGND,ZjDCRw,.\datasets\esterase\pdb\138.json,.\datasets\esterase\pdb\138.pdb
139,EH138(2),MGFQRKALWISLAAAWVLAACGGGGADTEPLAPVKTIKVMGDSLADSGTFGLKFTVQGAAPTGAGSTPIWPERVASSYGATLCPRYVFTGTAFNNAAGCTSYAVGGGRINNFTAPTSPVSITKQISDAGADGFSASDLLLIDGGGNDAADLVGAYLSASKDGGASYSAFLKTLLPPATVDAALAGGAAGMAQVGGAYMMALADKFHGAIDANALNKGAMRVAVLNMPGIDKTPRLQQLLGGIAASAGAAASAQVQGLVKAWVEAFNKQLAARFAGNSKVVVVDFYTSLNDQVAHPEQFSLTNAKDTACPITGVGGDGLPTYTFPTCTATALSSMTPPAGATGGADWWKTYAFSDGFHPTPYGHQLLGQLVSRSLAQAGWL,aA6MoA,.\datasets\esterase\pdb\139.json,.\datasets\esterase\pdb\139.pdb
140,EH139(2),QPAEPWEGVREATSWADQSAQDFTLERVDEGGMSEDSLYLNITAPKDTEGLPVMVWFHGGSFAILSANSPQYNNPNGLVTKSVVQVSVNHRLGPFGYIAHPLLSAESGYGGSGNYGQMDLVMALEWIRDNIAAFGGDPGNVTIFGQSGGGGKVYSLMNSPQAVGLFHKAIVQSGVAPLETESSPADSLGVSEAIGEALFERAGVTTLEQARALPWTAFAQDLDNNIRRETYRPNSDNYYLPNTYYGNVQQGMPSDVPLMAGVTNGDYTTIRAALPIWLQQRSAEYQSNQYIYRFSRVPPGWDDLGLSSCHGCELPYLFNYPAGMVQNYLLGLVLTDAYTRPQIGDLNNNGVTGTQGDAADIYASMRWGMQDSAMADLLMTQWSNFARTGDPSTESLAWTPYSLENDALMEHGNNGVAAMTTGVAEAP,QxRFdQ,.\datasets\esterase\pdb\140.json,.\datasets\esterase\pdb\140.pdb
141,EH140(1),MARACIGARSNMPQDDLCKPGAVPGLRGGIRLLAGILMAVAISGCATLERLPAVTYAEARQIDILDTPDARFYVSDTKRIYDVAIKAYQRSSRTRPAQTRNFIALSGGGDDGAFGAGLLVGWSAHGNRPEFDMVTGVSTGALSAPFVFLGRAYDQRLAGMYTETNAGDIFQRRPLLIAAVTSDSLVDNAPLRKLIESNVDTAMVQKIAEEYGKGRLLFVLTTNLDQSRPVIWNIGAIAATNNPKARDLIIDVLLASASIPAVFPPVMLDVTVDGQKRQEMHVDGGTVAQVFFYPPSFSIRGAAARLGVDAQKLRERRRVAYVVRNGRFFRPDESVQLKTMAIAKEALSTMTMSSGINDTYRMYTLARRDGVDFNLASIGEDFTVPYKGPFDPGYMQALFAYGYEQGRAGYRWKKVPPGYTN,z7dZrA,.\datasets\esterase\pdb\141.json,.\datasets\esterase\pdb\141.pdb
142,EH141(1),MFGGEIIMLRTGTRFAVALTAVALALGPVSTGQAQTARKPAASKAAAGLSRAASPEALGFDSTRLARLDAYMAGVVDQGRVAGMTTLLARHGKIVSYKTYGKMSLATGAPMTEDAIFRIYSMTKPITGVAMMTLFEEGKWRLDDPVTRYVPEFKTLKVVKSINPDGTMVLEDMKRPPTMREVMSHTAGFGYGLQDEHPVDLMYRDKRVLGANGLKDMIDRTAAIPLVFQPGTSWRYSSSVDIQGYIVEKLSGQTLGQFMEQRIFKPLKMNDTAFFVPADKAARLAALYVGNKETRRIEEAKTIFDQEVPTYLSPPTMESGGGGLVGTTMDYARFAQMIANNGQLDGVRILSPASVELMGTNMIAKEVLVSSNGSVGTRFNEAVGFGLDFMVVKDPRVAGTLEGAGSMSWGGAAGTWFWVDPTNDVVFVGMIQRLGGTGGDDLGQMSRTLTYQALLHPEK,Jrmvtg,.\datasets\esterase\pdb\142.json,.\datasets\esterase\pdb\142.pdb
143,EH142(1),MCATHKAFFSYVWRKFLNMYRFSVISSFLALSCFLSLASYELPDHSNGEPTTDYSINEYWLSLFSGFSKDVDVFYVYPTSWYKLDPAEPDFCAIDHPTMLSRSKVVFDIQATAFETVGNLYAPYYRQADAAYTLSLPADKRWAVVDSIPAKDVIAAFDYYIKHYNKGKPYILVGHSQGAQVLMLLLKNYMPEHTGTYARMVCAYVIGYPVTAEFMSSNKHLKFAESAEDTGVIVSYNTQSPSVAPGANIVLGDEIGLVINPINWKRDETPATAEESLGSYMPIDAQGNPALIPHFADARINMAKGVIECSSVNETDMFNLSGKMGPEVYHSFDIPFYYYNLRENAQVRVNRFLAK,xHrxFQ,.\datasets\esterase\pdb\143.json,.\datasets\esterase\pdb\143.pdb
144,EH143(1),MRKHLRSFSFILLSLFFVAFPMSAFSEASPAEALAEAQKQHDEWGFPHRDGIVLVLSGGGTKGLAHIGVLEILERENIPIAAIVGTSMGAVIGGIYASGYSAAEMKEIISDLDMMEIISNRSSAEAADINYNKPPSSGSAIFNVFMDEKKKPRSNRGMLRAKGLYSFLNEMTARVTVTDFNLLPIPFAAMATDLETGESVVLRDGNLASALRASLSIPGIFEPWEMNGRLFVDGGLRANLPVLEAKRLFPGHPVVAVNLSPENITKRRDSLRSMVEVMAQTIEILMVHQVRVNAAAADLVISPKVKDFGILQSDGYDQIIARGVEAAEPMVEQLRDISCPPGQPFCEFRHIDPPSSVKPLVTEIRFEGVPESIAKVLHSNYDHWIGGPLDMEKVADAVKALSVGDDFASVEGRAQTLTEETAAVVFSIERPPKYEFGLGGYVSNLYPDSWISLSAQARDIFFEGDVGSAEYRFGSRWGAMLRYFTPKTRHDTQFGVVLSAREEGYVPGNAAPFELERYSGRIAWYKDIGRKARIGLGYAVERIEYDQDGTLDGPYINFTFNNLDDPILPTKGLSVNSDIWFPNGETTVTHTRFHAYLPIWQTWNVVLSGGLKTGDVDDPAYAATLGTNEELFSLAAHPLVGDQAYWIHLGAFQHTGGRY,9Kcblw,.\datasets\esterase\pdb\144.json,.\datasets\esterase\pdb\144.pdb
145,EH144(1),MKHLFVLSLFISCFFITHAQEHTEQPIRPDAVFMGNSITQNWRNFHPDFFTRNNFVGKGIGGEVTLQMLARFRRDVISLNPKVLVILAGTNDIAQNQGYVTHRQIMDNIASMVDLAHFNNIRVILCSVLPAYSYRWRPDEFNQTVRPAEAIQRLNGMIRKYALEHDCAYVDFWTPMSDDKGGMKDGLSSDGVHPHPDAYFFMEELITPVIQQLCMQ,1dUzsQ,.\datasets\esterase\pdb\145.json,.\datasets\esterase\pdb\145.pdb
146,EH145(1),MKKTALKFCIFAIALTVSVLGASLAFSADTSCKTKYPIILAHGMGFTPTPASPHSFPGIVEALKACGATVYYTTVPALHTNAVKSATFKQQFMAIKAVDGSAKFNIMGHSQGGLYTRYAISNLGIAPYVASLTTAASPHRGSFIGTVLLTITDVFPVLKPLMEGFAMFPGDQTYAEQNERELTINYMTKVFNPNTPDMKGVYYQSFAVAFRQYSIIRTVADQLAMFVKMIAGNQTEPTVEEAALALYDMMESTAAMSFYMGGGIGDGLVQESSARWGTYLGCEKGSIFSRGINHLDAVNMQLRGQVWDAKAYWVNLAKSLKKKGY,uXOuwQ,.\datasets\esterase\pdb\146.json,.\datasets\esterase\pdb\146.pdb
