,Name,Sequence,project_id,json,pdb,esm_pdb
0,3A2,MTQHETTARRLAAVHAAPVFMDTDATIDKVIGFVEQAGREGIELLVFPETFVPGYPYWIECYPPLQQVAANAQYTDASVEVPGPEIKRVQAACARAGVEVVLGVSERLRGTRTCFNSQVFIDADGSLLGVHRKLQPTYVERIVWAQGGGATLSVFGSRSGRIGGLACWEHTMNLARQALLEQEQQIHAAAWPALSTMAGFETVADAQIEAMMKTHALTAQVFVICASNPVDGTCLEWMRDNLGEQKFVTAGGGWSAVIHPFNSFLGGPHTGLEEKLVSATIDFSDIRLVKAWVDSKGHYARPEVLRLAVDRKPLWHDECEVPGQAQVRTRAASLAVQEHPVVLPQGAARPAPQDWDTSAAQELTS,hKz9GA,.\datasets\nitrilase\pdb\0.json,.\datasets\nitrilase\pdb\0.pdb,.\datasets\nitrilase\esm_pdb\3A2.pdb
1,2A6,MKEAIKVACVQAAPIYMDLEATVDKTIELMEEAARNNARLIAFPETWIPGYPWFLWLDSPAWAMQFVRQYHENSLELDGPQAKRISDAAKRLGIMVTLGMSERVGGTLYISQWFIGDNGDTIGARRKLKPTFVERTLFGEGDGSSLAVFETSVGRLGGLCCWEHLQPLTKYALYAQNEEIHCAAWPSFSLYPNAAKALGPDVNVAASRIYAVEGQCFVLASCALVSQSMIDMLCTDDEKHALLLAGGGHSRIIGPDGGDLVAPLAENEEGILYANLDPGVRILAKMAADPAGHYSRPDITRLLIDRSPKLPVVEIEGDLRPYALGKASETGAQLEEI,jNzQSA,.\datasets\nitrilase\pdb\1.json,.\datasets\nitrilase\pdb\1.pdb,.\datasets\nitrilase\esm_pdb\2A6.pdb
2,1B15,MPKTVRAAAVQIAPDLTSRAGTVERVLNAIAEASDKGAELIVFPETFVPWYPYFSFVLPPVQQGPEHLRLYEEAVTVPSAETRAVADAARKRNAVIVLGVNERDHGSLYNTQLIFDADGSLKLKRRKITPTYHERMIWGQGDGAGLKVVETAIGRMGALACWEHYNPLARYALMAQHEEIHASHFPGSLVGPIFGEQIEVTMRHHALESGCFVVNATGWLSEEQIASIHPDPSLQKGLRDGCMTCIITPEGRHVVPPLTSGEGILIGDLDMRLITKRKRMMDSVGHYARPELLHLVHDTTPARAREQVGLSGDFSDAGQDKLFEEVQDA,wCvcZg,.\datasets\nitrilase\pdb\2.json,.\datasets\nitrilase\pdb\2.pdb,.\datasets\nitrilase\esm_pdb\1B15.pdb
3,1B16,MNNSPPTIRAAAIQLSPVLFSRDGTTEKVLQAIASAAKEGAQLVVFPETFIPYYPYFSFIQPPVLMGKEHMRLYEEAVTVPGPVTDAVSRAARSYGMVVVLGVNERDGGSIYNTQLIFDADGTLLLKRRKITPTYHERMVWGQGDGAGLKVLDTAVGKVGALACWEHYNPLARFALMAQHEQIHCAQFPGSLVGQIFTDQIEVTIRHHALESGCFVVNATGWLSPEQVAQITTDEKLQRVLSGGCNTAIIGPEGNHLCPPITDGEGIAIADLDFSLITKRKRMMDCVGHYSRPDLLKLQLNATAWSVLAGEQGAGAREQGLGVPDAMLSTPKPEYSTLDQ,7im0vg,.\datasets\nitrilase\pdb\3.json,.\datasets\nitrilase\pdb\3.pdb,.\datasets\nitrilase\esm_pdb\1B16.pdb
4,3WUY,GSHMLGKIMLNYTKNIRAAAAQISPVLFSQQGTMEKVLDAIANAAKKGVELIVFPETFVPYYPYFSFVEPPVLMGKSHLKLYQEAVTVPGKVTQAIAQAAKTHGMVVVLGVNEREEGSLYNTQLIFDADGALVLKRRKITPTYHERMVWGQGDGAGLRTVDTTVGRLGALACWEHYNPLARYALMAQHEQIHCGQFPGSMVGQIFADQMEVTMRHHALESGCFVINATGWLTAEQKLQITTDEKMHQALSGGCYTAIISPEGKHLCEPIAEGEGLAIADLDFSLIAKRKRMMDSVGHYARPDLLQLTLNNQPWSALEANPVTPNAIPAVSDPELTETIEALPNNPIFSH,H4GuGQ,.\datasets\nitrilase\pdb\4.json,.\datasets\nitrilase\pdb\4.pdb,.\datasets\nitrilase\esm_pdb\3WUY.pdb
5,1A27,MAIIRAAAVQISPVLYSREGTVDKVCQQIITLGKQGVQFAVFPETVVPYYPYFSFVQPAFAMGAQHLKLLDQSVTVPSAATLAIGEACKQAGMVVSIGVNERDGGTIYNAQLLFDADGTLIQHRRKITPTYHERMVWGQGDGSGLRAIDSAVGRIGSLACWEHYNPLARYALMADGEQIHAAMFPGSLVGDIFAEQIEVTIRHHALESGCFVVNATAWLDADQQGQIMQDTGCGLGPISGGCFTAIVSPEGKLLGEPLRSGEGVVIADLDTALIDKRKRMMDSVGHYSRPELLSLLIDRSPTAHVHERAGFVSSNAGLQEVAHADQ,xlkDUQ,.\datasets\nitrilase\pdb\5.json,.\datasets\nitrilase\pdb\5.pdb,.\datasets\nitrilase\esm_pdb\1A27.pdb
6,1A17,MKNIKNSEKSSTVRVAAVQISPVLYNREATVQKVVNKILELGKQGVQFATFPETIVPYYPYFSFIQAPYAMGKEHLRLLEQSVTVPSAATDAISEAAKEANMVVSIGVNERDGGTIYNTQLLFDADGTLIQRRRKLTPTYHERMIWGQGDASGLRATDSAVGRIGQLACWEHYNPLFRYALIADGEQIHSAMYPGSFLGALHGEQTEINVRQHALESASFVVVATGWLDADQQAQIAKDTGGPIGPISGGCFTAVIGPDGQLIGEALTSGEGEVIADIDLAQIDARKRLMDASGHYNRPELLSLHIDHTPTAPMHERVVYTEPGLAKRQNENSSN,FcEKFA,.\datasets\nitrilase\pdb\6.json,.\datasets\nitrilase\pdb\6.pdb,.\datasets\nitrilase\esm_pdb\1A17.pdb
7,1A8,MKVVKAAAVQISPVLYSREATVAKVVQKIHELGQKGVQFATFPETVVPYYPYFSAVQTGIELLSGTEHLRLLDQAVTVPSAATDAIGEAARKAGMVVSIGVNERDGGTLYNTQLLFDADGTLIQRRRKITPTHFERMIWGQGDGSGLRAVDSKVGRIGQLACFEHNNPLARYALIADGEQIHSAMYPGSAFGEGFAQRMEINIRQHALESGAFVVNATAWLDADQQAQIMKDTGCGIGPISGGCFTTIVSPDGMLMAEPLRSGEGEVIVDLDFTLIDRRKMLMDSAGHYNRPELLSLMIDRTPTAHVHERAARPVSGVEQNPEELRIPAA,3vurwQ,.\datasets\nitrilase\pdb\7.json,.\datasets\nitrilase\pdb\7.pdb,.\datasets\nitrilase\esm_pdb\1A8.pdb
8,1A2,MKVVKAAAVQLSPVLYSREGTVERVVRKIHELGRQGVQFATFPETVVPYYPYFSFVQTPLQIIAGPEHLKLLDQAVTVPSPATDAISEAARQAGVVVSIGVNERDGGTLYNTQLLFDADGALIQRRRKITPTHFERMIWGQGDGSGLRAVDSKVGRIGQLACWEHNNPLARYAMIADGEQIHSAMYPGSMFGDPFAQKTEINIRQHALESACFVVCATAWLDADQQAQICKDTGCDIGPISGGCFTAIVAPDGTLLGEPIRSGEGMVIVDLDFTLIDKRKQVMDSRGHYNRPELLSLLIDRTPTAHVHDRAVRPESAAEQRSEELLATAV,CGCq2Q,.\datasets\nitrilase\pdb\8.json,.\datasets\nitrilase\pdb\8.pdb,.\datasets\nitrilase\esm_pdb\1A2.pdb
9,1A1,MSTIVKAAAVQISPVLYSREGTVERVVKKIRELGEKGVQFATFPETVIPYYPYFSFVQTPLQILAGPEHLKLLDQSVTVPSPATDAIGQAARQAGMVVSIGVNERDGGTLYNTQLLFDADGALIQRRRKIKPTHYERMIWGEGDGSGLRAVDSQVGRIGQLACWEHNNPLARYAMMADGEQIHSAMYPGSMFGDPFAQKTEINIRQHALESGCFVVCSTAWLDADQQAQIMQDTGCAIGPISGGCLTAIVAPDGTFLGEPLTSGEGEVIADLDFKLIDKRKQTMDSRGHYNRPELLSLLIDRTPTSNVHERAAHPKVEASQTAGDTERTREVL,wAuUuQ,.\datasets\nitrilase\pdb\9.json,.\datasets\nitrilase\pdb\9.pdb,.\datasets\nitrilase\esm_pdb\1A1.pdb
10,PMI26,MAIIRAAAVQISPVLYSREGTVEKVCQQIIALGRQGVQFAVFPETVVPYYPYFSFVQPPFAMGAQHLKLLDQSVTVPSAATLAIGEACKQVGIVVSIGVNERDGGTIYNAQLLFDADGSLIQHRRKITPTYHERMVWGQGDGSGLRAIDSAVGRIGSLACWEHYNPLARYALMADGEQIHAAMFPGSLVGDIFAEQIEVTIRHHALESGCFVVNATAWLDADQQGQIMQDTGCGLGPISGGCFTAIVSPEGKLLGEPLRSGEGVVIADLDLALIDKRKRMMDSVGHYSRPELLSLLIDRTPTAHVHERGGHFASVADEESDHANQ,HO4rEA,.\datasets\nitrilase\pdb\10.json,.\datasets\nitrilase\pdb\10.pdb,.\datasets\nitrilase\esm_pdb\PMI26.pdb
11,PMI28,MKIVKAAAVQISPVLYNREATVEKVVQKILELGQQGVQFATFPETVVPYYPYFSAVQTPMQLLAGTEYLKLLEQAVTVPSPATDAIGEAARKAGMVVSIGVNERDGGTLYNTQLLFDADGTLIQRRRKITPTHFERMIWGQGDGSGLCAVDSKIGRIGQLACFEHNNPLARYALIADGEQIHSAMYPGSAFGEGFAQRMEINIRQHALESGCFVVNATAWLDADQQAQIMKDTGCEIGPISGGCFTAIVAPDGMLLGEPLRSGEGEVIADLDFTLIDRRKMLMDSAGHYNRPELLSLLIDRTPTAHIHERTGQAATSAEQGADEPRATTVL,HSQ7DA,.\datasets\nitrilase\pdb\11.json,.\datasets\nitrilase\pdb\11.pdb,.\datasets\nitrilase\esm_pdb\PMI28.pdb
